SLX-23301/UID-FML-PEO1-FUCCI_SLX-23301_000015_SINCEL-193-G1-Plate-234-O10-CACAGCGGTC-ATTCCTATTG.bam	SLX-23300/UID-FML-PEO1-FUCCI_SLX-23300_000082_SINCEL-193-G1-Plate-234-B9-TATCACTCTG-AACGTTACAT.bam	000000
SLX-23302/UID-FML-PEO1-FUCCI_SLX-23302_000083_SINCEL-193-G1-Plate-234-C21-CTGTGGTGAC-GACAGACAGG.bam	SLX-23300/UID-FML-PEO1-FUCCI_SLX-23300_000066_SINCEL-193-G1-Plate-234-B8-CCAATGATAC-GAGTGTGCCG.bam	000001
SLX-23300/UID-FML-PEO1-FUCCI_SLX-23300_000070_SINCEL-193-G1-Plate-234-F8-AGCTAAGCGG-ATTAATACGC.bam	SLX-23300/UID-FML-PEO1-FUCCI_SLX-23300_000087_SINCEL-193-G1-Plate-234-G9-TACGTGAAGG-CGGTTATTAG.bam	000002
SLX-23301/UID-FML-PEO1-FUCCI_SLX-23301_000014_SINCEL-193-G1-Plate-234-N10-TGCAATGAAT-CCAGAAGTAA.bam	SLX-23300/UID-FML-PEO1-FUCCI_SLX-23300_000008_SINCEL-193-G1-Plate-234-H4-ATCCTCTCAA-TCCGCAAGGC.bam	000003
SLX-23301/UID-FML-PEO1-FUCCI_SLX-23301_000039_SINCEL-193-G1-Plate-234-G12-CGTGTACCAG-AGGATAAGTT.bam	SLX-23300/UID-FML-PEO1-FUCCI_SLX-23300_000054_SINCEL-193-G1-Plate-234-F7-TAACCGGCGA-GCTACATTAG.bam	000004
SLX-23300/UID-FML-PEO1-FUCCI_SLX-23300_000081_SINCEL-193-G1-Plate-234-A9-CCGGTTCCTA-TATATTCGAG.bam	SLX-23300/UID-FML-PEO1-FUCCI_SLX-23300_000004_SINCEL-193-G1-Plate-234-D4-CCTGCAACCT-GTAGAGTCAG.bam	000005
SLX-23301/UID-FML-PEO1-FUCCI_SLX-23301_000064_SINCEL-193-G1-Plate-234-P13-CGGTCGGCAT-CTAGGCAAGG.bam	SLX-23300/UID-FML-PEO1-FUCCI_SLX-23300_000053_SINCEL-193-G1-Plate-234-E7-CGTACAGGAA-TAGGTTCTCT.bam	000006
SLX-23301/UID-FML-PEO1-FUCCI_SLX-23301_000075_SINCEL-193-G1-Plate-234-K14-AATTCTTGGA-TTGTCAACTT.bam	SLX-23300/UID-FML-PEO1-FUCCI_SLX-23300_000007_SINCEL-193-G1-Plate-234-G4-TCAATGGAGA-GCACTACAAC.bam	000007
SLX-23301/UID-FML-PEO1-FUCCI_SLX-23301_000091_SINCEL-193-G1-Plate-234-K15-CACCTTAATC-TTAGGATAGA.bam	SLX-23300/UID-FML-PEO1-FUCCI_SLX-23300_000092_SINCEL-193-G1-Plate-234-L9-CATAGTAAGG-ACCAAGTTAC.bam	000008
SLX-23301/UID-FML-PEO1-FUCCI_SLX-23301_000020_SINCEL-193-G1-Plate-234-D11-AGGAGTCGAG-TTAGGCTTAC.bam	SLX-23300/UID-FML-PEO1-FUCCI_SLX-23300_000091_SINCEL-193-G1-Plate-234-K9-ACAACTACTG-AGTTATCACA.bam	000009
SLX-23302/UID-FML-PEO1-FUCCI_SLX-23302_000058_SINCEL-193-G1-Plate-234-J19-GGTGAGTAAT-AACATCTAGT.bam	SLX-23300/UID-FML-PEO1-FUCCI_SLX-23300_000043_SINCEL-193-G1-Plate-234-K6-ATACTTGTTC-TAACCGCCGA.bam	000010
SLX-23302/UID-FML-PEO1-FUCCI_SLX-23302_000075_SINCEL-193-G1-Plate-234-K20-GTGGTATCTG-GCTACTATCT.bam	SLX-23300/UID-FML-PEO1-FUCCI_SLX-23300_000058_SINCEL-193-G1-Plate-234-J7-GTAGGCGAGC-TAGGAGCGCA.bam	000011
SLX-23301/UID-FML-PEO1-FUCCI_SLX-23301_000076_SINCEL-193-G1-Plate-234-L14-TGGATCTGGC-CAATGCTGAA.bam	SLX-23300/UID-FML-PEO1-FUCCI_SLX-23300_000094_SINCEL-193-G1-Plate-234-N9-ATTGGCTTCT-TGGCTCGCAG.bam	000012
SLX-23302/UID-FML-PEO1-FUCCI_SLX-23302_000067_SINCEL-193-G1-Plate-234-C20-CGCCATATCT-GACCGGAGAT.bam	SLX-23300/UID-FML-PEO1-FUCCI_SLX-23300_000085_SINCEL-193-G1-Plate-234-E9-GAATACCTAT-ACAATAGAGT.bam	000013
SLX-23300/UID-FML-PEO1-FUCCI_SLX-23300_000061_SINCEL-193-G1-Plate-234-M7-GCTGACGTTG-TGTTCGCATT.bam	SLX-23300/UID-FML-PEO1-FUCCI_SLX-23300_000010_SINCEL-193-G1-Plate-234-J4-CACTAGACCA-ACTGCCTTAT.bam	000014
SLX-23300/UID-FML-PEO1-FUCCI_SLX-23300_000065_SINCEL-193-G1-Plate-234-A8-TCTAGGCGCG-CGAAGGTTAA.bam	SLX-23300/UID-FML-PEO1-FUCCI_SLX-23300_000014_SINCEL-193-G1-Plate-234-N4-ATGGCGTGCC-CGCTTGAAGT.bam	000015
SLX-23300/UID-FML-PEO1-FUCCI_SLX-23300_000066_SINCEL-193-G1-Plate-234-B8-CCAATGATAC-GAGTGTGCCG.bam	SLX-23300/UID-FML-PEO1-FUCCI_SLX-23300_000060_SINCEL-193-G1-Plate-234-L7-AACTTATCCT-GTACTGGCGT.bam	000016
SLX-23300/UID-FML-PEO1-FUCCI_SLX-23300_000030_SINCEL-193-G1-Plate-234-N5-TCAGTCTCGT-CACGGATTAT.bam	SLX-23300/UID-FML-PEO1-FUCCI_SLX-23300_000084_SINCEL-193-G1-Plate-234-D9-AGAATTCGCC-CGGCAAGCTC.bam	000017
SLX-23302/UID-FML-PEO1-FUCCI_SLX-23302_000080_SINCEL-193-G1-Plate-234-P20-CAAGACGTCC-AGTATACGGA.bam	SLX-23300/UID-FML-PEO1-FUCCI_SLX-23300_000081_SINCEL-193-G1-Plate-234-A9-CCGGTTCCTA-TATATTCGAG.bam	000018
SLX-23302/UID-FML-PEO1-FUCCI_SLX-23302_000095_SINCEL-193-G1-Plate-234-O21-GGAAGGAGAC-TGGTGAGTCT.bam	SLX-23300/UID-FML-PEO1-FUCCI_SLX-23300_000070_SINCEL-193-G1-Plate-234-F8-AGCTAAGCGG-ATTAATACGC.bam	000019
SLX-23300/UID-FML-PEO1-FUCCI_SLX-23300_000056_SINCEL-193-G1-Plate-234-H7-AAGAGAGTCT-TACGAATCTT.bam	SLX-23300/UID-FML-PEO1-FUCCI_SLX-23300_000049_SINCEL-193-G1-Plate-234-A7-AGAGAACCTA-GGTTATGCTA.bam	000020
SLX-23302/UID-FML-PEO1-FUCCI_SLX-23302_000028_SINCEL-193-G1-Plate-234-L17-GCCTAACGTG-AGCTCTCAAG.bam	SLX-23300/UID-FML-PEO1-FUCCI_SLX-23300_000013_SINCEL-193-G1-Plate-234-M4-TCCGTTATGT-TTGTAGTGTA.bam	000021
SLX-23301/UID-FML-PEO1-FUCCI_SLX-23301_000082_SINCEL-193-G1-Plate-234-B15-GAGCTTGCCG-AGGTTGCAGG.bam	SLX-23300/UID-FML-PEO1-FUCCI_SLX-23300_000055_SINCEL-193-G1-Plate-234-G7-CTGCGTTACC-TATGGCTCGA.bam	000022
SLX-23301/UID-FML-PEO1-FUCCI_SLX-23301_000084_SINCEL-193-G1-Plate-234-D15-AGCTAGCTTC-TAATACGGAG.bam	SLX-23300/UID-FML-PEO1-FUCCI_SLX-23300_000044_SINCEL-193-G1-Plate-234-L6-TTAGACCATG-TCCTAGGAAG.bam	000023
SLX-23300/UID-FML-PEO1-FUCCI_SLX-23300_000093_SINCEL-193-G1-Plate-234-M9-GTTGGATGAA-TTCCAGGTAA.bam	SLX-23300/UID-FML-PEO1-FUCCI_SLX-23300_000030_SINCEL-193-G1-Plate-234-N5-TCAGTCTCGT-CACGGATTAT.bam	000024
SLX-23302/UID-FML-PEO1-FUCCI_SLX-23302_000030_SINCEL-193-G1-Plate-234-N17-ACTTACTTCA-TCTGGAATTA.bam	SLX-23300/UID-FML-PEO1-FUCCI_SLX-23300_000052_SINCEL-193-G1-Plate-234-D7-CTGTTATATC-GTATAGCTGT.bam	000025
SLX-23302/UID-FML-PEO1-FUCCI_SLX-23302_000019_SINCEL-193-G1-Plate-234-C17-TGTGATAACT-CAGGCGCCAT.bam	SLX-23300/UID-FML-PEO1-FUCCI_SLX-23300_000065_SINCEL-193-G1-Plate-234-A8-TCTAGGCGCG-CGAAGGTTAA.bam	000026
SLX-23300/UID-FML-PEO1-FUCCI_SLX-23300_000053_SINCEL-193-G1-Plate-234-E7-CGTACAGGAA-TAGGTTCTCT.bam	SLX-23300/UID-FML-PEO1-FUCCI_SLX-23300_000012_SINCEL-193-G1-Plate-234-L4-ATTATCCACT-TACGCACGTA.bam	000027
SLX-23302/UID-FML-PEO1-FUCCI_SLX-23302_000038_SINCEL-193-G1-Plate-234-F18-TCACCGCGCT-TCGATACTAG.bam	SLX-23300/UID-FML-PEO1-FUCCI_SLX-23300_000016_SINCEL-193-G1-Plate-234-P4-TCCAGAGATC-CTGCACTTCA.bam	000028
SLX-23301/UID-FML-PEO1-FUCCI_SLX-23301_000035_SINCEL-193-G1-Plate-234-C12-TTAACGGTGT-TCCTGACCGT.bam	SLX-23300/UID-FML-PEO1-FUCCI_SLX-23300_000029_SINCEL-193-G1-Plate-234-M5-ATTAACAAGG-TGTTGTTCGT.bam	000029
SLX-23302/UID-FML-PEO1-FUCCI_SLX-23302_000039_SINCEL-193-G1-Plate-234-G18-CTTACCGCAC-TAAGACCTAT.bam	SLX-23300/UID-FML-PEO1-FUCCI_SLX-23300_000011_SINCEL-193-G1-Plate-234-K4-ATGGCGCCTG-TCCACGGCCT.bam	000030
SLX-23302/UID-FML-PEO1-FUCCI_SLX-23302_000088_SINCEL-193-G1-Plate-234-H21-GGATTATGGA-TCCGATAGAG.bam	SLX-23300/UID-FML-PEO1-FUCCI_SLX-23300_000068_SINCEL-193-G1-Plate-234-D8-GAGGCCTATT-CTAGTCCGGA.bam	000031
SLX-23302/UID-FML-PEO1-FUCCI_SLX-23302_000056_SINCEL-193-G1-Plate-234-H19-AGTTAATGCT-ACTGCAGCCG.bam	SLX-23300/UID-FML-PEO1-FUCCI_SLX-23300_000015_SINCEL-193-G1-Plate-234-O4-GGTCTATTAA-CCACGACACG.bam	000032
SLX-23301/UID-FML-PEO1-FUCCI_SLX-23301_000026_SINCEL-193-G1-Plate-234-J11-CAACGAGAGC-GAATTGAGTG.bam	SLX-23300/UID-FML-PEO1-FUCCI_SLX-23300_000093_SINCEL-193-G1-Plate-234-M9-GTTGGATGAA-TTCCAGGTAA.bam	000033
SLX-23302/UID-FML-PEO1-FUCCI_SLX-23302_000018_SINCEL-193-G1-Plate-234-B17-CTGAATTAGT-AATTCGATCG.bam	SLX-23300/UID-FML-PEO1-FUCCI_SLX-23300_000072_SINCEL-193-G1-Plate-234-H8-CTTCCTAGGA-CCTAGAGTAT.bam	000034
SLX-23301/UID-FML-PEO1-FUCCI_SLX-23301_000055_SINCEL-193-G1-Plate-234-G13-CCTCCGGTTG-CATAACACCA.bam	SLX-23300/UID-FML-PEO1-FUCCI_SLX-23300_000020_SINCEL-193-G1-Plate-234-D5-CAACGTTCGG-GGATCCGCAT.bam	000035
SLX-23302/UID-FML-PEO1-FUCCI_SLX-23302_000001_SINCEL-193-G1-Plate-234-A16-TCTCATGATA-AACACGTGGA.bam	SLX-23300/UID-FML-PEO1-FUCCI_SLX-23300_000006_SINCEL-193-G1-Plate-234-F4-TTCATGGTTC-GACATTGTCA.bam	000036
SLX-23300/UID-FML-PEO1-FUCCI_SLX-23300_000016_SINCEL-193-G1-Plate-234-P4-TCCAGAGATC-CTGCACTTCA.bam	SLX-23300/UID-FML-PEO1-FUCCI_SLX-23300_000086_SINCEL-193-G1-Plate-234-F9-CCTGACCACT-TCTTGGCTAT.bam	000037
SLX-23300/UID-FML-PEO1-FUCCI_SLX-23300_000086_SINCEL-193-G1-Plate-234-F9-CCTGACCACT-TCTTGGCTAT.bam	SLX-23300/UID-FML-PEO1-FUCCI_SLX-23300_000056_SINCEL-193-G1-Plate-234-H7-AAGAGAGTCT-TACGAATCTT.bam	000038
SLX-23301/UID-FML-PEO1-FUCCI_SLX-23301_000058_SINCEL-193-G1-Plate-234-J13-ACTAATCTCC-CACTTAATCT.bam	SLX-23300/UID-FML-PEO1-FUCCI_SLX-23300_000031_SINCEL-193-G1-Plate-234-O5-TGATGGCTAC-CCAACAACAT.bam	000039
SLX-23300/UID-FML-PEO1-FUCCI_SLX-23300_000043_SINCEL-193-G1-Plate-234-K6-ATACTTGTTC-TAACCGCCGA.bam	SLX-23300/UID-FML-PEO1-FUCCI_SLX-23300_000088_SINCEL-193-G1-Plate-234-H9-AGCTGGAATG-ACGGAATGCG.bam	000040
SLX-23302/UID-FML-PEO1-FUCCI_SLX-23302_000017_SINCEL-193-G1-Plate-234-A17-AACCGAGTTC-GATCTCTGGA.bam	SLX-23300/UID-FML-PEO1-FUCCI_SLX-23300_000046_SINCEL-193-G1-Plate-234-N6-CACACAGTAT-TTGAGCCTAA.bam	000041
SLX-23302/UID-FML-PEO1-FUCCI_SLX-23302_000007_SINCEL-193-G1-Plate-234-G16-GCGTGGATGG-TTGACCAATG.bam	SLX-23300/UID-FML-PEO1-FUCCI_SLX-23300_000051_SINCEL-193-G1-Plate-234-C7-GATATTGTGT-ACCACACGGT.bam	000042
SLX-23302/UID-FML-PEO1-FUCCI_SLX-23302_000073_SINCEL-193-G1-Plate-234-I20-GCTCTTAACT-CACGTCCACC.bam	SLX-23300/UID-FML-PEO1-FUCCI_SLX-23300_000061_SINCEL-193-G1-Plate-234-M7-GCTGACGTTG-TGTTCGCATT.bam	000043
SLX-23301/UID-FML-PEO1-FUCCI_SLX-23301_000063_SINCEL-193-G1-Plate-234-O13-CCTTCTAACA-GATAAGCTCT.bam	SLX-23300/UID-FML-PEO1-FUCCI_SLX-23300_000089_SINCEL-193-G1-Plate-234-I9-CTTATTGGCC-GATAACAAGT.bam	000044
SLX-23301/UID-FML-PEO1-FUCCI_SLX-23301_000061_SINCEL-193-G1-Plate-234-M13-GGACCAGTGG-CGCGAGCCTA.bam	SLX-23300/UID-FML-PEO1-FUCCI_SLX-23300_000022_SINCEL-193-G1-Plate-234-F5-GCGTATTAAT-TGCGGTGTTG.bam	000045
SLX-23301/UID-FML-PEO1-FUCCI_SLX-23301_000051_SINCEL-193-G1-Plate-234-C13-GCACCACCAA-TGGTACTGAT.bam	SLX-23301/UID-FML-PEO1-FUCCI_SLX-23301_000062_SINCEL-193-G1-Plate-234-N13-CAACGACCTA-GCGACTCGAT.bam	000046
SLX-23301/UID-FML-PEO1-FUCCI_SLX-23301_000017_SINCEL-193-G1-Plate-234-A11-CCACGCTGAA-TATTCCTCAG.bam	SLX-23301/UID-FML-PEO1-FUCCI_SLX-23301_000003_SINCEL-193-G1-Plate-234-C10-CGCAGCAATT-ATTCCGCTAT.bam	000047
SLX-23301/UID-FML-PEO1-FUCCI_SLX-23301_000089_SINCEL-193-G1-Plate-234-I15-CAACACCGCA-GGCAGTAGCA.bam	SLX-23301/UID-FML-PEO1-FUCCI_SLX-23301_000065_SINCEL-193-G1-Plate-234-A14-CTCGAATATA-GAGATGTCGA.bam	000048
SLX-23301/UID-FML-PEO1-FUCCI_SLX-23301_000095_SINCEL-193-G1-Plate-234-O15-CCGGTAACAC-GAGTTGTACT.bam	SLX-23301/UID-FML-PEO1-FUCCI_SLX-23301_000014_SINCEL-193-G1-Plate-234-N10-TGCAATGAAT-CCAGAAGTAA.bam	000049
SLX-23301/UID-FML-PEO1-FUCCI_SLX-23301_000086_SINCEL-193-G1-Plate-234-F15-CAATCCTTGT-CGAAGACGCA.bam	SLX-23301/UID-FML-PEO1-FUCCI_SLX-23301_000089_SINCEL-193-G1-Plate-234-I15-CAACACCGCA-GGCAGTAGCA.bam	000050
SLX-23301/UID-FML-PEO1-FUCCI_SLX-23301_000062_SINCEL-193-G1-Plate-234-N13-CAACGACCTA-GCGACTCGAT.bam	SLX-23301/UID-FML-PEO1-FUCCI_SLX-23301_000002_SINCEL-193-G1-Plate-234-B10-GAACAATTCC-TAGAGTTGGA.bam	000051
SLX-23300/UID-FML-PEO1-FUCCI_SLX-23300_000020_SINCEL-193-G1-Plate-234-D5-CAACGTTCGG-GGATCCGCAT.bam	SLX-23301/UID-FML-PEO1-FUCCI_SLX-23301_000076_SINCEL-193-G1-Plate-234-L14-TGGATCTGGC-CAATGCTGAA.bam	000052
SLX-23301/UID-FML-PEO1-FUCCI_SLX-23301_000002_SINCEL-193-G1-Plate-234-B10-GAACAATTCC-TAGAGTTGGA.bam	SLX-23301/UID-FML-PEO1-FUCCI_SLX-23301_000050_SINCEL-193-G1-Plate-234-B13-TTAATAGCAC-ACCACGTCTG.bam	000053
SLX-23300/UID-FML-PEO1-FUCCI_SLX-23300_000085_SINCEL-193-G1-Plate-234-E9-GAATACCTAT-ACAATAGAGT.bam	SLX-23301/UID-FML-PEO1-FUCCI_SLX-23301_000022_SINCEL-193-G1-Plate-234-F11-TTCACTCACT-TATCATGAGA.bam	000054
SLX-23300/UID-FML-PEO1-FUCCI_SLX-23300_000054_SINCEL-193-G1-Plate-234-F7-TAACCGGCGA-GCTACATTAG.bam	SLX-23301/UID-FML-PEO1-FUCCI_SLX-23301_000072_SINCEL-193-G1-Plate-234-H14-CCAAGAGGTG-AACGAGCCAG.bam	000055
SLX-23301/UID-FML-PEO1-FUCCI_SLX-23301_000068_SINCEL-193-G1-Plate-234-D14-CTCGTAGGCA-TCATCCTCTT.bam	SLX-23301/UID-FML-PEO1-FUCCI_SLX-23301_000068_SINCEL-193-G1-Plate-234-D14-CTCGTAGGCA-TCATCCTCTT.bam	000056
SLX-23300/UID-FML-PEO1-FUCCI_SLX-23300_000007_SINCEL-193-G1-Plate-234-G4-TCAATGGAGA-GCACTACAAC.bam	SLX-23301/UID-FML-PEO1-FUCCI_SLX-23301_000082_SINCEL-193-G1-Plate-234-B15-GAGCTTGCCG-AGGTTGCAGG.bam	000057
SLX-23300/UID-FML-PEO1-FUCCI_SLX-23300_000055_SINCEL-193-G1-Plate-234-G7-CTGCGTTACC-TATGGCTCGA.bam	SLX-23301/UID-FML-PEO1-FUCCI_SLX-23301_000064_SINCEL-193-G1-Plate-234-P13-CGGTCGGCAT-CTAGGCAAGG.bam	000058
SLX-23302/UID-FML-PEO1-FUCCI_SLX-23302_000063_SINCEL-193-G1-Plate-234-O19-ACTCTATTGT-ATCGCATATG.bam	SLX-23301/UID-FML-PEO1-FUCCI_SLX-23301_000051_SINCEL-193-G1-Plate-234-C13-GCACCACCAA-TGGTACTGAT.bam	000059
SLX-23302/UID-FML-PEO1-FUCCI_SLX-23302_000037_SINCEL-193-G1-Plate-234-E18-CCACCGGAGT-GCCTGCCATG.bam	SLX-23301/UID-FML-PEO1-FUCCI_SLX-23301_000034_SINCEL-193-G1-Plate-234-B12-ATACATCACA-TCTCCATTGA.bam	000060
SLX-23302/UID-FML-PEO1-FUCCI_SLX-23302_000004_SINCEL-193-G1-Plate-234-D16-CAACTGCAAC-TGAACGCAAC.bam	SLX-23301/UID-FML-PEO1-FUCCI_SLX-23301_000094_SINCEL-193-G1-Plate-234-N15-ATGATTCCGG-CTCTGACGTG.bam	000061
SLX-23302/UID-FML-PEO1-FUCCI_SLX-23302_000022_SINCEL-193-G1-Plate-234-F17-AGCTTACACA-TGGCACGACC.bam	SLX-23301/UID-FML-PEO1-FUCCI_SLX-23301_000091_SINCEL-193-G1-Plate-234-K15-CACCTTAATC-TTAGGATAGA.bam	000062
SLX-23300/UID-FML-PEO1-FUCCI_SLX-23300_000052_SINCEL-193-G1-Plate-234-D7-CTGTTATATC-GTATAGCTGT.bam	SLX-23301/UID-FML-PEO1-FUCCI_SLX-23301_000078_SINCEL-193-G1-Plate-234-N14-TTGAATCCAA-GTCACGGTGT.bam	000063
SLX-23302/UID-FML-PEO1-FUCCI_SLX-23302_000021_SINCEL-193-G1-Plate-234-E17-AGTATGCTAC-TTAATAGACC.bam	SLX-23301/UID-FML-PEO1-FUCCI_SLX-23301_000054_SINCEL-193-G1-Plate-234-F13-GGCACTAAGG-TCAGGTCAAC.bam	000064
SLX-23300/UID-FML-PEO1-FUCCI_SLX-23300_000060_SINCEL-193-G1-Plate-234-L7-AACTTATCCT-GTACTGGCGT.bam	SLX-23301/UID-FML-PEO1-FUCCI_SLX-23301_000035_SINCEL-193-G1-Plate-234-C12-TTAACGGTGT-TCCTGACCGT.bam	000065
SLX-23302/UID-FML-PEO1-FUCCI_SLX-23302_000094_SINCEL-193-G1-Plate-234-N21-TATGAACTTG-AATCCTTAGG.bam	SLX-23301/UID-FML-PEO1-FUCCI_SLX-23301_000048_SINCEL-193-G1-Plate-234-P12-GCTAGGAAGT-TCTCGGACGA.bam	000066
SLX-23301/UID-FML-PEO1-FUCCI_SLX-23301_000012_SINCEL-193-G1-Plate-234-L10-AAGATACACG-TGTGCTAACA.bam	SLX-23301/UID-FML-PEO1-FUCCI_SLX-23301_000061_SINCEL-193-G1-Plate-234-M13-GGACCAGTGG-CGCGAGCCTA.bam	000067
SLX-23302/UID-FML-PEO1-FUCCI_SLX-23302_000089_SINCEL-193-G1-Plate-234-I21-ATAGGTCTTA-GTCACCACAG.bam	SLX-23301/UID-FML-PEO1-FUCCI_SLX-23301_000029_SINCEL-193-G1-Plate-234-M11-TCCGGACTAG-GACGAACAAT.bam	000068
SLX-23300/UID-FML-PEO1-FUCCI_SLX-23300_000092_SINCEL-193-G1-Plate-234-L9-CATAGTAAGG-ACCAAGTTAC.bam	SLX-23301/UID-FML-PEO1-FUCCI_SLX-23301_000086_SINCEL-193-G1-Plate-234-F15-CAATCCTTGT-CGAAGACGCA.bam	000069
SLX-23302/UID-FML-PEO1-FUCCI_SLX-23302_000025_SINCEL-193-G1-Plate-234-I17-TCCTCGGACT-AACGCCAGAG.bam	SLX-23301/UID-FML-PEO1-FUCCI_SLX-23301_000017_SINCEL-193-G1-Plate-234-A11-CCACGCTGAA-TATTCCTCAG.bam	000070
SLX-23301/UID-FML-PEO1-FUCCI_SLX-23301_000032_SINCEL-193-G1-Plate-234-P11-CCGCTCCGTT-TACGGCGAAG.bam	SLX-23301/UID-FML-PEO1-FUCCI_SLX-23301_000032_SINCEL-193-G1-Plate-234-P11-CCGCTCCGTT-TACGGCGAAG.bam	000071
SLX-23302/UID-FML-PEO1-FUCCI_SLX-23302_000026_SINCEL-193-G1-Plate-234-J17-CTTAAGTCGA-CAGTAGTTGT.bam	SLX-23301/UID-FML-PEO1-FUCCI_SLX-23301_000046_SINCEL-193-G1-Plate-234-N12-TTCTCGTGCA-ATACACAGAG.bam	000072
SLX-23300/UID-FML-PEO1-FUCCI_SLX-23300_000058_SINCEL-193-G1-Plate-234-J7-GTAGGCGAGC-TAGGAGCGCA.bam	SLX-23301/UID-FML-PEO1-FUCCI_SLX-23301_000075_SINCEL-193-G1-Plate-234-K14-AATTCTTGGA-TTGTCAACTT.bam	000073
SLX-23300/UID-FML-PEO1-FUCCI_SLX-23300_000013_SINCEL-193-G1-Plate-234-M4-TCCGTTATGT-TTGTAGTGTA.bam	SLX-23301/UID-FML-PEO1-FUCCI_SLX-23301_000041_SINCEL-193-G1-Plate-234-I12-TTAACCTTCG-AGGCCAGACA.bam	000074
SLX-23300/UID-FML-PEO1-FUCCI_SLX-23300_000008_SINCEL-193-G1-Plate-234-H4-ATCCTCTCAA-TCCGCAAGGC.bam	SLX-23301/UID-FML-PEO1-FUCCI_SLX-23301_000067_SINCEL-193-G1-Plate-234-C14-GATCGTCGCG-CTGGATATGT.bam	000075
SLX-23301/UID-FML-PEO1-FUCCI_SLX-23301_000010_SINCEL-193-G1-Plate-234-J10-TCGTGCATTC-GCGTTGGTAT.bam	SLX-23301/UID-FML-PEO1-FUCCI_SLX-23301_000015_SINCEL-193-G1-Plate-234-O10-CACAGCGGTC-ATTCCTATTG.bam	000076
SLX-23301/UID-FML-PEO1-FUCCI_SLX-23301_000003_SINCEL-193-G1-Plate-234-C10-CGCAGCAATT-ATTCCGCTAT.bam	SLX-23301/UID-FML-PEO1-FUCCI_SLX-23301_000007_SINCEL-193-G1-Plate-234-G10-CCGCGTATAG-TAGGAACCGG.bam	000077
SLX-23300/UID-FML-PEO1-FUCCI_SLX-23300_000051_SINCEL-193-G1-Plate-234-C7-GATATTGTGT-ACCACACGGT.bam	SLX-23301/UID-FML-PEO1-FUCCI_SLX-23301_000049_SINCEL-193-G1-Plate-234-A13-ATGTTGTTGG-CAATCTATGA.bam	000078
SLX-23302/UID-FML-PEO1-FUCCI_SLX-23302_000043_SINCEL-193-G1-Plate-234-K18-TTATACGCGA-GCCGTCTGTT.bam	SLX-23301/UID-FML-PEO1-FUCCI_SLX-23301_000084_SINCEL-193-G1-Plate-234-D15-AGCTAGCTTC-TAATACGGAG.bam	000079
SLX-23300/UID-FML-PEO1-FUCCI_SLX-23300_000014_SINCEL-193-G1-Plate-234-N4-ATGGCGTGCC-CGCTTGAAGT.bam	SLX-23301/UID-FML-PEO1-FUCCI_SLX-23301_000095_SINCEL-193-G1-Plate-234-O15-CCGGTAACAC-GAGTTGTACT.bam	000080
SLX-23302/UID-FML-PEO1-FUCCI_SLX-23302_000059_SINCEL-193-G1-Plate-234-K19-CTATTACTAC-GAGTCTCTCC.bam	SLX-23301/UID-FML-PEO1-FUCCI_SLX-23301_000039_SINCEL-193-G1-Plate-234-G12-CGTGTACCAG-AGGATAAGTT.bam	000081
SLX-23302/UID-FML-PEO1-FUCCI_SLX-23302_000051_SINCEL-193-G1-Plate-234-C19-TTGCTCTATT-GTGACCTTGA.bam	SLX-23301/UID-FML-PEO1-FUCCI_SLX-23301_000012_SINCEL-193-G1-Plate-234-L10-AAGATACACG-TGTGCTAACA.bam	000082
SLX-23301/UID-FML-PEO1-FUCCI_SLX-23301_000038_SINCEL-193-G1-Plate-234-F12-CACCTAGCAC-TGCTGGACAT.bam	SLX-23301/UID-FML-PEO1-FUCCI_SLX-23301_000058_SINCEL-193-G1-Plate-234-J13-ACTAATCTCC-CACTTAATCT.bam	000083
SLX-23301/UID-FML-PEO1-FUCCI_SLX-23301_000094_SINCEL-193-G1-Plate-234-N15-ATGATTCCGG-CTCTGACGTG.bam	SLX-23301/UID-FML-PEO1-FUCCI_SLX-23301_000040_SINCEL-193-G1-Plate-234-H12-TTCAAGTATG-GATGGTATCG.bam	000084
SLX-23300/UID-FML-PEO1-FUCCI_SLX-23300_000044_SINCEL-193-G1-Plate-234-L6-TTAGACCATG-TCCTAGGAAG.bam	SLX-23301/UID-FML-PEO1-FUCCI_SLX-23301_000055_SINCEL-193-G1-Plate-234-G13-CCTCCGGTTG-CATAACACCA.bam	000085
SLX-23301/UID-FML-PEO1-FUCCI_SLX-23301_000079_SINCEL-193-G1-Plate-234-O14-ATCCAGGTAT-CAACGTCAGC.bam	SLX-23301/UID-FML-PEO1-FUCCI_SLX-23301_000079_SINCEL-193-G1-Plate-234-O14-ATCCAGGTAT-CAACGTCAGC.bam	000086
SLX-23301/UID-FML-PEO1-FUCCI_SLX-23301_000046_SINCEL-193-G1-Plate-234-N12-TTCTCGTGCA-ATACACAGAG.bam	SLX-23301/UID-FML-PEO1-FUCCI_SLX-23301_000063_SINCEL-193-G1-Plate-234-O13-CCTTCTAACA-GATAAGCTCT.bam	000087
SLX-23302/UID-FML-PEO1-FUCCI_SLX-23302_000014_SINCEL-193-G1-Plate-234-N16-TCTTACGCCG-ATTCATTGCA.bam	SLX-23301/UID-FML-PEO1-FUCCI_SLX-23301_000010_SINCEL-193-G1-Plate-234-J10-TCGTGCATTC-GCGTTGGTAT.bam	000088
SLX-23301/UID-FML-PEO1-FUCCI_SLX-23301_000067_SINCEL-193-G1-Plate-234-C14-GATCGTCGCG-CTGGATATGT.bam	SLX-23301/UID-FML-PEO1-FUCCI_SLX-23301_000020_SINCEL-193-G1-Plate-234-D11-AGGAGTCGAG-TTAGGCTTAC.bam	000089
SLX-23300/UID-FML-PEO1-FUCCI_SLX-23300_000087_SINCEL-193-G1-Plate-234-G9-TACGTGAAGG-CGGTTATTAG.bam	SLX-23301/UID-FML-PEO1-FUCCI_SLX-23301_000021_SINCEL-193-G1-Plate-234-E11-ATAGCGGAAT-GCGCAGAGTA.bam	000090
SLX-23302/UID-FML-PEO1-FUCCI_SLX-23302_000005_SINCEL-193-G1-Plate-234-E16-TTCACGAGAC-AGATTGTTAC.bam	SLX-23301/UID-FML-PEO1-FUCCI_SLX-23301_000026_SINCEL-193-G1-Plate-234-J11-CAACGAGAGC-GAATTGAGTG.bam	000091
SLX-23300/UID-FML-PEO1-FUCCI_SLX-23300_000006_SINCEL-193-G1-Plate-234-F4-TTCATGGTTC-GACATTGTCA.bam	SLX-23301/UID-FML-PEO1-FUCCI_SLX-23301_000045_SINCEL-193-G1-Plate-234-M12-AGCCTATGAT-CACCACCTAC.bam	000092
SLX-23301/UID-FML-PEO1-FUCCI_SLX-23301_000050_SINCEL-193-G1-Plate-234-B13-TTAATAGCAC-ACCACGTCTG.bam	SLX-23301/UID-FML-PEO1-FUCCI_SLX-23301_000038_SINCEL-193-G1-Plate-234-F12-CACCTAGCAC-TGCTGGACAT.bam	000093
SLX-23300/UID-FML-PEO1-FUCCI_SLX-23300_000022_SINCEL-193-G1-Plate-234-F5-GCGTATTAAT-TGCGGTGTTG.bam	SLX-23302/UID-FML-PEO1-FUCCI_SLX-23302_000060_SINCEL-193-G1-Plate-234-L19-TACTCTGCGC-CCTTACTATG.bam	000094
SLX-23301/UID-FML-PEO1-FUCCI_SLX-23301_000065_SINCEL-193-G1-Plate-234-A14-CTCGAATATA-GAGATGTCGA.bam	SLX-23302/UID-FML-PEO1-FUCCI_SLX-23302_000038_SINCEL-193-G1-Plate-234-F18-TCACCGCGCT-TCGATACTAG.bam	000095
SLX-23302/UID-FML-PEO1-FUCCI_SLX-23302_000082_SINCEL-193-G1-Plate-234-B21-TGAGTACAAC-ACGCTTGGAC.bam	SLX-23302/UID-FML-PEO1-FUCCI_SLX-23302_000068_SINCEL-193-G1-Plate-234-D20-AGTGCGAGTG-TGGAGGTAAT.bam	000096
SLX-23302/UID-FML-PEO1-FUCCI_SLX-23302_000011_SINCEL-193-G1-Plate-234-K16-TAATTCTGCT-TCTCATCAAT.bam	SLX-23302/UID-FML-PEO1-FUCCI_SLX-23302_000056_SINCEL-193-G1-Plate-234-H19-AGTTAATGCT-ACTGCAGCCG.bam	000097
SLX-23301/UID-FML-PEO1-FUCCI_SLX-23301_000078_SINCEL-193-G1-Plate-234-N14-TTGAATCCAA-GTCACGGTGT.bam	SLX-23302/UID-FML-PEO1-FUCCI_SLX-23302_000012_SINCEL-193-G1-Plate-234-L16-CGAACGCACC-ATGACAGAAC.bam	000098
SLX-23302/UID-FML-PEO1-FUCCI_SLX-23302_000060_SINCEL-193-G1-Plate-234-L19-TACTCTGCGC-CCTTACTATG.bam	SLX-23302/UID-FML-PEO1-FUCCI_SLX-23302_000028_SINCEL-193-G1-Plate-234-L17-GCCTAACGTG-AGCTCTCAAG.bam	000099
SLX-23300/UID-FML-PEO1-FUCCI_SLX-23300_000015_SINCEL-193-G1-Plate-234-O4-GGTCTATTAA-CCACGACACG.bam	SLX-23302/UID-FML-PEO1-FUCCI_SLX-23302_000025_SINCEL-193-G1-Plate-234-I17-TCCTCGGACT-AACGCCAGAG.bam	000100
SLX-23302/UID-FML-PEO1-FUCCI_SLX-23302_000003_SINCEL-193-G1-Plate-234-C16-CGAGGCCAAG-GTGTTACCGG.bam	SLX-23302/UID-FML-PEO1-FUCCI_SLX-23302_000063_SINCEL-193-G1-Plate-234-O19-ACTCTATTGT-ATCGCATATG.bam	000101
SLX-23300/UID-FML-PEO1-FUCCI_SLX-23300_000089_SINCEL-193-G1-Plate-234-I9-CTTATTGGCC-GATAACAAGT.bam	SLX-23302/UID-FML-PEO1-FUCCI_SLX-23302_000058_SINCEL-193-G1-Plate-234-J19-GGTGAGTAAT-AACATCTAGT.bam	000102
SLX-23301/UID-FML-PEO1-FUCCI_SLX-23301_000049_SINCEL-193-G1-Plate-234-A13-ATGTTGTTGG-CAATCTATGA.bam	SLX-23302/UID-FML-PEO1-FUCCI_SLX-23302_000092_SINCEL-193-G1-Plate-234-L21-TCAACCACGA-CAAGTTCATA.bam	000103
SLX-23300/UID-FML-PEO1-FUCCI_SLX-23300_000010_SINCEL-193-G1-Plate-234-J4-CACTAGACCA-ACTGCCTTAT.bam	SLX-23302/UID-FML-PEO1-FUCCI_SLX-23302_000019_SINCEL-193-G1-Plate-234-C17-TGTGATAACT-CAGGCGCCAT.bam	000104
SLX-23300/UID-FML-PEO1-FUCCI_SLX-23300_000011_SINCEL-193-G1-Plate-234-K4-ATGGCGCCTG-TCCACGGCCT.bam	SLX-23302/UID-FML-PEO1-FUCCI_SLX-23302_000001_SINCEL-193-G1-Plate-234-A16-TCTCATGATA-AACACGTGGA.bam	000105
SLX-23301/UID-FML-PEO1-FUCCI_SLX-23301_000048_SINCEL-193-G1-Plate-234-P12-GCTAGGAAGT-TCTCGGACGA.bam	SLX-23302/UID-FML-PEO1-FUCCI_SLX-23302_000094_SINCEL-193-G1-Plate-234-N21-TATGAACTTG-AATCCTTAGG.bam	000106
SLX-23302/UID-FML-PEO1-FUCCI_SLX-23302_000065_SINCEL-193-G1-Plate-234-A20-TAGTGGAAGC-AGTACCTATA.bam	SLX-23302/UID-FML-PEO1-FUCCI_SLX-23302_000043_SINCEL-193-G1-Plate-234-K18-TTATACGCGA-GCCGTCTGTT.bam	000107
SLX-23302/UID-FML-PEO1-FUCCI_SLX-23302_000033_SINCEL-193-G1-Plate-234-A18-GCTAGACTAT-AATACGACAT.bam	SLX-23302/UID-FML-PEO1-FUCCI_SLX-23302_000074_SINCEL-193-G1-Plate-234-J20-GTTGCGTTCA-GTTGCAGTTG.bam	000108
SLX-23301/UID-FML-PEO1-FUCCI_SLX-23301_000041_SINCEL-193-G1-Plate-234-I12-TTAACCTTCG-AGGCCAGACA.bam	SLX-23302/UID-FML-PEO1-FUCCI_SLX-23302_000014_SINCEL-193-G1-Plate-234-N16-TCTTACGCCG-ATTCATTGCA.bam	000109
SLX-23300/UID-FML-PEO1-FUCCI_SLX-23300_000084_SINCEL-193-G1-Plate-234-D9-AGAATTCGCC-CGGCAAGCTC.bam	SLX-23302/UID-FML-PEO1-FUCCI_SLX-23302_000016_SINCEL-193-G1-Plate-234-P16-AGCTGATGTC-TCATGTCCTG.bam	000110
SLX-23302/UID-FML-PEO1-FUCCI_SLX-23302_000012_SINCEL-193-G1-Plate-234-L16-CGAACGCACC-ATGACAGAAC.bam	SLX-23302/UID-FML-PEO1-FUCCI_SLX-23302_000083_SINCEL-193-G1-Plate-234-C21-CTGTGGTGAC-GACAGACAGG.bam	000111
SLX-23302/UID-FML-PEO1-FUCCI_SLX-23302_000096_SINCEL-193-G1-Plate-234-P21-AGTGGTTAAG-GGTGGAATAC.bam	SLX-23302/UID-FML-PEO1-FUCCI_SLX-23302_000033_SINCEL-193-G1-Plate-234-A18-GCTAGACTAT-AATACGACAT.bam	000112
SLX-23302/UID-FML-PEO1-FUCCI_SLX-23302_000068_SINCEL-193-G1-Plate-234-D20-AGTGCGAGTG-TGGAGGTAAT.bam	SLX-23302/UID-FML-PEO1-FUCCI_SLX-23302_000087_SINCEL-193-G1-Plate-234-G21-ATAGTTAGCA-CTCTAAGTAG.bam	000113
SLX-23300/UID-FML-PEO1-FUCCI_SLX-23300_000091_SINCEL-193-G1-Plate-234-K9-ACAACTACTG-AGTTATCACA.bam	SLX-23302/UID-FML-PEO1-FUCCI_SLX-23302_000021_SINCEL-193-G1-Plate-234-E17-AGTATGCTAC-TTAATAGACC.bam	000114
SLX-23301/UID-FML-PEO1-FUCCI_SLX-23301_000021_SINCEL-193-G1-Plate-234-E11-ATAGCGGAAT-GCGCAGAGTA.bam	SLX-23302/UID-FML-PEO1-FUCCI_SLX-23302_000018_SINCEL-193-G1-Plate-234-B17-CTGAATTAGT-AATTCGATCG.bam	000115
SLX-23300/UID-FML-PEO1-FUCCI_SLX-23300_000012_SINCEL-193-G1-Plate-234-L4-ATTATCCACT-TACGCACGTA.bam	SLX-23302/UID-FML-PEO1-FUCCI_SLX-23302_000089_SINCEL-193-G1-Plate-234-I21-ATAGGTCTTA-GTCACCACAG.bam	000116
SLX-23302/UID-FML-PEO1-FUCCI_SLX-23302_000070_SINCEL-193-G1-Plate-234-F20-CTGAGCCGGT-CCTTCACGTA.bam	SLX-23302/UID-FML-PEO1-FUCCI_SLX-23302_000075_SINCEL-193-G1-Plate-234-K20-GTGGTATCTG-GCTACTATCT.bam	000117
SLX-23302/UID-FML-PEO1-FUCCI_SLX-23302_000052_SINCEL-193-G1-Plate-234-D19-ACCTGGCCAA-TCACAGATCG.bam	SLX-23302/UID-FML-PEO1-FUCCI_SLX-23302_000004_SINCEL-193-G1-Plate-234-D16-CAACTGCAAC-TGAACGCAAC.bam	000118
SLX-23300/UID-FML-PEO1-FUCCI_SLX-23300_000094_SINCEL-193-G1-Plate-234-N9-ATTGGCTTCT-TGGCTCGCAG.bam	SLX-23302/UID-FML-PEO1-FUCCI_SLX-23302_000003_SINCEL-193-G1-Plate-234-C16-CGAGGCCAAG-GTGTTACCGG.bam	000119
SLX-23301/UID-FML-PEO1-FUCCI_SLX-23301_000034_SINCEL-193-G1-Plate-234-B12-ATACATCACA-TCTCCATTGA.bam	SLX-23302/UID-FML-PEO1-FUCCI_SLX-23302_000096_SINCEL-193-G1-Plate-234-P21-AGTGGTTAAG-GGTGGAATAC.bam	000120
SLX-23301/UID-FML-PEO1-FUCCI_SLX-23301_000029_SINCEL-193-G1-Plate-234-M11-TCCGGACTAG-GACGAACAAT.bam	SLX-23302/UID-FML-PEO1-FUCCI_SLX-23302_000011_SINCEL-193-G1-Plate-234-K16-TAATTCTGCT-TCTCATCAAT.bam	000121
SLX-23300/UID-FML-PEO1-FUCCI_SLX-23300_000004_SINCEL-193-G1-Plate-234-D4-CCTGCAACCT-GTAGAGTCAG.bam	SLX-23302/UID-FML-PEO1-FUCCI_SLX-23302_000088_SINCEL-193-G1-Plate-234-H21-GGATTATGGA-TCCGATAGAG.bam	000122
SLX-23302/UID-FML-PEO1-FUCCI_SLX-23302_000016_SINCEL-193-G1-Plate-234-P16-AGCTGATGTC-TCATGTCCTG.bam	SLX-23302/UID-FML-PEO1-FUCCI_SLX-23302_000065_SINCEL-193-G1-Plate-234-A20-TAGTGGAAGC-AGTACCTATA.bam	000123
SLX-23301/UID-FML-PEO1-FUCCI_SLX-23301_000022_SINCEL-193-G1-Plate-234-F11-TTCACTCACT-TATCATGAGA.bam	SLX-23302/UID-FML-PEO1-FUCCI_SLX-23302_000080_SINCEL-193-G1-Plate-234-P20-CAAGACGTCC-AGTATACGGA.bam	000124
SLX-23302/UID-FML-PEO1-FUCCI_SLX-23302_000092_SINCEL-193-G1-Plate-234-L21-TCAACCACGA-CAAGTTCATA.bam	SLX-23302/UID-FML-PEO1-FUCCI_SLX-23302_000005_SINCEL-193-G1-Plate-234-E16-TTCACGAGAC-AGATTGTTAC.bam	000125
SLX-23300/UID-FML-PEO1-FUCCI_SLX-23300_000029_SINCEL-193-G1-Plate-234-M5-ATTAACAAGG-TGTTGTTCGT.bam	SLX-23302/UID-FML-PEO1-FUCCI_SLX-23302_000039_SINCEL-193-G1-Plate-234-G18-CTTACCGCAC-TAAGACCTAT.bam	000126
SLX-23301/UID-FML-PEO1-FUCCI_SLX-23301_000054_SINCEL-193-G1-Plate-234-F13-GGCACTAAGG-TCAGGTCAAC.bam	SLX-23302/UID-FML-PEO1-FUCCI_SLX-23302_000079_SINCEL-193-G1-Plate-234-O20-CAGTAATTAC-CGAGGCGGTA.bam	000127
SLX-23300/UID-FML-PEO1-FUCCI_SLX-23300_000046_SINCEL-193-G1-Plate-234-N6-CACACAGTAT-TTGAGCCTAA.bam	SLX-23302/UID-FML-PEO1-FUCCI_SLX-23302_000026_SINCEL-193-G1-Plate-234-J17-CTTAAGTCGA-CAGTAGTTGT.bam	000128
SLX-23302/UID-FML-PEO1-FUCCI_SLX-23302_000079_SINCEL-193-G1-Plate-234-O20-CAGTAATTAC-CGAGGCGGTA.bam	SLX-23302/UID-FML-PEO1-FUCCI_SLX-23302_000073_SINCEL-193-G1-Plate-234-I20-GCTCTTAACT-CACGTCCACC.bam	000129
SLX-23301/UID-FML-PEO1-FUCCI_SLX-23301_000072_SINCEL-193-G1-Plate-234-H14-CCAAGAGGTG-AACGAGCCAG.bam	SLX-23302/UID-FML-PEO1-FUCCI_SLX-23302_000095_SINCEL-193-G1-Plate-234-O21-GGAAGGAGAC-TGGTGAGTCT.bam	000130
SLX-23301/UID-FML-PEO1-FUCCI_SLX-23301_000040_SINCEL-193-G1-Plate-234-H12-TTCAAGTATG-GATGGTATCG.bam	SLX-23302/UID-FML-PEO1-FUCCI_SLX-23302_000022_SINCEL-193-G1-Plate-234-F17-AGCTTACACA-TGGCACGACC.bam	000131
SLX-23300/UID-FML-PEO1-FUCCI_SLX-23300_000049_SINCEL-193-G1-Plate-234-A7-AGAGAACCTA-GGTTATGCTA.bam	SLX-23302/UID-FML-PEO1-FUCCI_SLX-23302_000070_SINCEL-193-G1-Plate-234-F20-CTGAGCCGGT-CCTTCACGTA.bam	000132
SLX-23302/UID-FML-PEO1-FUCCI_SLX-23302_000074_SINCEL-193-G1-Plate-234-J20-GTTGCGTTCA-GTTGCAGTTG.bam	SLX-23302/UID-FML-PEO1-FUCCI_SLX-23302_000059_SINCEL-193-G1-Plate-234-K19-CTATTACTAC-GAGTCTCTCC.bam	000133
SLX-23302/UID-FML-PEO1-FUCCI_SLX-23302_000010_SINCEL-193-G1-Plate-234-J16-GAGCGACGAT-CGTATAATCA.bam	SLX-23302/UID-FML-PEO1-FUCCI_SLX-23302_000007_SINCEL-193-G1-Plate-234-G16-GCGTGGATGG-TTGACCAATG.bam	000134
SLX-23300/UID-FML-PEO1-FUCCI_SLX-23300_000072_SINCEL-193-G1-Plate-234-H8-CTTCCTAGGA-CCTAGAGTAT.bam	SLX-23302/UID-FML-PEO1-FUCCI_SLX-23302_000082_SINCEL-193-G1-Plate-234-B21-TGAGTACAAC-ACGCTTGGAC.bam	000135
SLX-23300/UID-FML-PEO1-FUCCI_SLX-23300_000031_SINCEL-193-G1-Plate-234-O5-TGATGGCTAC-CCAACAACAT.bam	SLX-23302/UID-FML-PEO1-FUCCI_SLX-23302_000051_SINCEL-193-G1-Plate-234-C19-TTGCTCTATT-GTGACCTTGA.bam	000136
SLX-23300/UID-FML-PEO1-FUCCI_SLX-23300_000088_SINCEL-193-G1-Plate-234-H9-AGCTGGAATG-ACGGAATGCG.bam	SLX-23302/UID-FML-PEO1-FUCCI_SLX-23302_000052_SINCEL-193-G1-Plate-234-D19-ACCTGGCCAA-TCACAGATCG.bam	000137
SLX-23300/UID-FML-PEO1-FUCCI_SLX-23300_000068_SINCEL-193-G1-Plate-234-D8-GAGGCCTATT-CTAGTCCGGA.bam	SLX-23302/UID-FML-PEO1-FUCCI_SLX-23302_000067_SINCEL-193-G1-Plate-234-C20-CGCCATATCT-GACCGGAGAT.bam	000138
SLX-23301/UID-FML-PEO1-FUCCI_SLX-23301_000045_SINCEL-193-G1-Plate-234-M12-AGCCTATGAT-CACCACCTAC.bam	SLX-23302/UID-FML-PEO1-FUCCI_SLX-23302_000030_SINCEL-193-G1-Plate-234-N17-ACTTACTTCA-TCTGGAATTA.bam	000139
SLX-23300/UID-FML-PEO1-FUCCI_SLX-23300_000082_SINCEL-193-G1-Plate-234-B9-TATCACTCTG-AACGTTACAT.bam	SLX-23302/UID-FML-PEO1-FUCCI_SLX-23302_000017_SINCEL-193-G1-Plate-234-A17-AACCGAGTTC-GATCTCTGGA.bam	000140
SLX-23302/UID-FML-PEO1-FUCCI_SLX-23302_000087_SINCEL-193-G1-Plate-234-G21-ATAGTTAGCA-CTCTAAGTAG.bam	SLX-23302/UID-FML-PEO1-FUCCI_SLX-23302_000010_SINCEL-193-G1-Plate-234-J16-GAGCGACGAT-CGTATAATCA.bam	000141
SLX-23301/UID-FML-PEO1-FUCCI_SLX-23301_000007_SINCEL-193-G1-Plate-234-G10-CCGCGTATAG-TAGGAACCGG.bam	SLX-23302/UID-FML-PEO1-FUCCI_SLX-23302_000037_SINCEL-193-G1-Plate-234-E18-CCACCGGAGT-GCCTGCCATG.bam	000142
