Name	Set
UID-FML-PEO1-FUCCI_SLX-23302_000007_SINCEL-193-G1-Plate-234-G16-GCGTGGATGG-TTGACCAATG	Train
UID-FML-PEO1-FUCCI_SLX-23302_000039_SINCEL-193-G1-Plate-234-G18-CTTACCGCAC-TAAGACCTAT	Train
UID-FML-PEO1-FUCCI_SLX-23302_000010_SINCEL-193-G1-Plate-234-J16-GAGCGACGAT-CGTATAATCA	Train
UID-FML-PEO1-FUCCI_SLX-23301_000070_SINCEL-193-G1-Plate-234-F14-AAGTTCTAGT-GGTAAGATAA	Train
UID-FML-PEO1-FUCCI_SLX-23301_000079_SINCEL-193-G1-Plate-234-O14-ATCCAGGTAT-CAACGTCAGC	Train
UID-FML-PEO1-FUCCI_SLX-23300_000053_SINCEL-193-G1-Plate-234-E7-CGTACAGGAA-TAGGTTCTCT	Train
UID-FML-PEO1-FUCCI_SLX-23300_000066_SINCEL-193-G1-Plate-234-B8-CCAATGATAC-GAGTGTGCCG	Train
UID-FML-PEO1-FUCCI_SLX-23301_000062_SINCEL-193-G1-Plate-234-N13-CAACGACCTA-GCGACTCGAT	Train
UID-FML-PEO1-FUCCI_SLX-23302_000083_SINCEL-193-G1-Plate-234-C21-CTGTGGTGAC-GACAGACAGG	Train
UID-FML-PEO1-FUCCI_SLX-23302_000081_SINCEL-193-G1-Plate-234-A21-TACAAGACTT-CAGGTGTTCA	Train
UID-FML-PEO1-FUCCI_SLX-23301_000061_SINCEL-193-G1-Plate-234-M13-GGACCAGTGG-CGCGAGCCTA	Train
UID-FML-PEO1-FUCCI_SLX-23300_000094_SINCEL-193-G1-Plate-234-N9-ATTGGCTTCT-TGGCTCGCAG	Train
UID-FML-PEO1-FUCCI_SLX-23301_000026_SINCEL-193-G1-Plate-234-J11-CAACGAGAGC-GAATTGAGTG	Train
UID-FML-PEO1-FUCCI_SLX-23300_000093_SINCEL-193-G1-Plate-234-M9-GTTGGATGAA-TTCCAGGTAA	Train
UID-FML-PEO1-FUCCI_SLX-23300_000009_SINCEL-193-G1-Plate-234-I4-ATATGCATGT-TGGTGCCTGG	Train
UID-FML-PEO1-FUCCI_SLX-23301_000014_SINCEL-193-G1-Plate-234-N10-TGCAATGAAT-CCAGAAGTAA	Train
UID-FML-PEO1-FUCCI_SLX-23301_000092_SINCEL-193-G1-Plate-234-L15-AATGACTGGT-TCTCACGCGT	Train
UID-FML-PEO1-FUCCI_SLX-23300_000036_SINCEL-193-G1-Plate-234-D6-CAGCGGTAGA-GCAACAGGTG	Train
UID-FML-PEO1-FUCCI_SLX-23300_000067_SINCEL-193-G1-Plate-234-C8-ATAGCCAAGA-AGTGCCACTG	Train
UID-FML-PEO1-FUCCI_SLX-23300_000020_SINCEL-193-G1-Plate-234-D5-CAACGTTCGG-GGATCCGCAT	Train
UID-FML-PEO1-FUCCI_SLX-23301_000009_SINCEL-193-G1-Plate-234-I10-GATTCTGAAT-AGCGGTGGAC	Train
UID-FML-PEO1-FUCCI_SLX-23300_000082_SINCEL-193-G1-Plate-234-B9-TATCACTCTG-AACGTTACAT	Train
UID-FML-PEO1-FUCCI_SLX-23302_000056_SINCEL-193-G1-Plate-234-H19-AGTTAATGCT-ACTGCAGCCG	Train
UID-FML-PEO1-FUCCI_SLX-23302_000095_SINCEL-193-G1-Plate-234-O21-GGAAGGAGAC-TGGTGAGTCT	Train
UID-FML-PEO1-FUCCI_SLX-23301_000081_SINCEL-193-G1-Plate-234-A15-ACGGTCCAAC-TCTTACATCA	Train
UID-FML-PEO1-FUCCI_SLX-23302_000068_SINCEL-193-G1-Plate-234-D20-AGTGCGAGTG-TGGAGGTAAT	Train
UID-FML-PEO1-FUCCI_SLX-23300_000034_SINCEL-193-G1-Plate-234-B6-GTAACAATCT-CTCTGTATAC	Train
UID-FML-PEO1-FUCCI_SLX-23300_000039_SINCEL-193-G1-Plate-234-G6-ATCGGCGAAG-TCCAAGAATT	Train
UID-FML-PEO1-FUCCI_SLX-23302_000047_SINCEL-193-G1-Plate-234-O18-CCGAAGCGCT-TGCTAACTAT	Train
UID-FML-PEO1-FUCCI_SLX-23302_000066_SINCEL-193-G1-Plate-234-B20-GCCATATAAC-ACACAATATC	Train
UID-FML-PEO1-FUCCI_SLX-23300_000016_SINCEL-193-G1-Plate-234-P4-TCCAGAGATC-CTGCACTTCA	Train
UID-FML-PEO1-FUCCI_SLX-23302_000014_SINCEL-193-G1-Plate-234-N16-TCTTACGCCG-ATTCATTGCA	Train
UID-FML-PEO1-FUCCI_SLX-23300_000032_SINCEL-193-G1-Plate-234-P5-TGCAAGATAA-TTGAGGACGG	Train
UID-FML-PEO1-FUCCI_SLX-23301_000053_SINCEL-193-G1-Plate-234-E13-AGGCGTTCGC-TTCATCCAAC	Train
UID-FML-PEO1-FUCCI_SLX-23300_000062_SINCEL-193-G1-Plate-234-N7-ATTATGTCTC-AGTTAAGAGC	Train
UID-FML-PEO1-FUCCI_SLX-23301_000096_SINCEL-193-G1-Plate-234-P15-TTAGGCTCAA-TCGAATGGAA	Train
UID-FML-PEO1-FUCCI_SLX-23301_000064_SINCEL-193-G1-Plate-234-P13-CGGTCGGCAT-CTAGGCAAGG	Train
UID-FML-PEO1-FUCCI_SLX-23302_000093_SINCEL-193-G1-Plate-234-M21-AAGGAAGAGT-CACGTTAGGC	Train
UID-FML-PEO1-FUCCI_SLX-23301_000091_SINCEL-193-G1-Plate-234-K15-CACCTTAATC-TTAGGATAGA	Train
UID-FML-PEO1-FUCCI_SLX-23302_000026_SINCEL-193-G1-Plate-234-J17-CTTAAGTCGA-CAGTAGTTGT	Train
UID-FML-PEO1-FUCCI_SLX-23300_000028_SINCEL-193-G1-Plate-234-L5-AAGCATCTTG-CATTCAACAA	Train
UID-FML-PEO1-FUCCI_SLX-23301_000055_SINCEL-193-G1-Plate-234-G13-CCTCCGGTTG-CATAACACCA	Train
UID-FML-PEO1-FUCCI_SLX-23300_000019_SINCEL-193-G1-Plate-234-C5-TTCTGTAGAA-GAGCGCAATA	Train
UID-FML-PEO1-FUCCI_SLX-23300_000018_SINCEL-193-G1-Plate-234-B5-ATGTCCAGCA-CAGCGGACAA	Train
UID-FML-PEO1-FUCCI_SLX-23302_000079_SINCEL-193-G1-Plate-234-O20-CAGTAATTAC-CGAGGCGGTA	Train
UID-FML-PEO1-FUCCI_SLX-23301_000006_SINCEL-193-G1-Plate-234-F10-CTTCTAAGTC-ACTCTACAGG	Train
UID-FML-PEO1-FUCCI_SLX-23301_000029_SINCEL-193-G1-Plate-234-M11-TCCGGACTAG-GACGAACAAT	Train
UID-FML-PEO1-FUCCI_SLX-23301_000072_SINCEL-193-G1-Plate-234-H14-CCAAGAGGTG-AACGAGCCAG	Train
UID-FML-PEO1-FUCCI_SLX-23300_000054_SINCEL-193-G1-Plate-234-F7-TAACCGGCGA-GCTACATTAG	Train
UID-FML-PEO1-FUCCI_SLX-23302_000086_SINCEL-193-G1-Plate-234-F21-ATTGATACTG-TACACGCTCC	Train
UID-FML-PEO1-FUCCI_SLX-23301_000068_SINCEL-193-G1-Plate-234-D14-CTCGTAGGCA-TCATCCTCTT	Train
UID-FML-PEO1-FUCCI_SLX-23300_000047_SINCEL-193-G1-Plate-234-O6-AGGACAGGCC-CATTCCAGCT	Train
UID-FML-PEO1-FUCCI_SLX-23301_000043_SINCEL-193-G1-Plate-234-K12-CATATGCGAT-CCTTGAACGG	Train
UID-FML-PEO1-FUCCI_SLX-23300_000056_SINCEL-193-G1-Plate-234-H7-AAGAGAGTCT-TACGAATCTT	Train
UID-FML-PEO1-FUCCI_SLX-23302_000073_SINCEL-193-G1-Plate-234-I20-GCTCTTAACT-CACGTCCACC	Train
UID-FML-PEO1-FUCCI_SLX-23300_000077_SINCEL-193-G1-Plate-234-M8-TGGCCTCTGT-TGAGACAGCG	Train
UID-FML-PEO1-FUCCI_SLX-23302_000034_SINCEL-193-G1-Plate-234-B18-GATATCACAC-GACTATATGT	Train
UID-FML-PEO1-FUCCI_SLX-23300_000072_SINCEL-193-G1-Plate-234-H8-CTTCCTAGGA-CCTAGAGTAT	Train
UID-FML-PEO1-FUCCI_SLX-23302_000020_SINCEL-193-G1-Plate-234-D17-TAAGGAGGAA-TTCCGACATT	Train
UID-FML-PEO1-FUCCI_SLX-23301_000069_SINCEL-193-G1-Plate-234-E14-TATCCGAGGC-GGCCAATAAG	Train
UID-FML-PEO1-FUCCI_SLX-23301_000090_SINCEL-193-G1-Plate-234-J15-CGTCACCTTG-CAGCCGATTG	Train
UID-FML-PEO1-FUCCI_SLX-23300_000031_SINCEL-193-G1-Plate-234-O5-TGATGGCTAC-CCAACAACAT	Train
UID-FML-PEO1-FUCCI_SLX-23301_000054_SINCEL-193-G1-Plate-234-F13-GGCACTAAGG-TCAGGTCAAC	Train
UID-FML-PEO1-FUCCI_SLX-23302_000001_SINCEL-193-G1-Plate-234-A16-TCTCATGATA-AACACGTGGA	Train
UID-FML-PEO1-FUCCI_SLX-23300_000015_SINCEL-193-G1-Plate-234-O4-GGTCTATTAA-CCACGACACG	Train
UID-FML-PEO1-FUCCI_SLX-23301_000002_SINCEL-193-G1-Plate-234-B10-GAACAATTCC-TAGAGTTGGA	Train
UID-FML-PEO1-FUCCI_SLX-23301_000028_SINCEL-193-G1-Plate-234-L11-ATTGAGGTCC-CGGATTATAT	Train
UID-FML-PEO1-FUCCI_SLX-23300_000040_SINCEL-193-G1-Plate-234-H6-GGCGCCATTG-ACCGCGCAAT	Train
UID-FML-PEO1-FUCCI_SLX-23300_000078_SINCEL-193-G1-Plate-234-N8-AACAAGTACA-GGATATATCC	Train
UID-FML-PEO1-FUCCI_SLX-23300_000023_SINCEL-193-G1-Plate-234-G5-AGTACTCATG-ATGTCGTGGT	Train
UID-FML-PEO1-FUCCI_SLX-23301_000036_SINCEL-193-G1-Plate-234-D12-TAGGTATGTT-CGAGACCAAG	Train
UID-FML-PEO1-FUCCI_SLX-23301_000010_SINCEL-193-G1-Plate-234-J10-TCGTGCATTC-GCGTTGGTAT	Train
UID-FML-PEO1-FUCCI_SLX-23302_000040_SINCEL-193-G1-Plate-234-H18-GATAGCCTTG-TACCACAATG	Train
UID-FML-PEO1-FUCCI_SLX-23301_000080_SINCEL-193-G1-Plate-234-P14-CACGGCTAGT-GGTGTACAAG	Train
UID-FML-PEO1-FUCCI_SLX-23300_000083_SINCEL-193-G1-Plate-234-C9-GGCCAATATT-CGGTCCGATA	Train
UID-FML-PEO1-FUCCI_SLX-23300_000073_SINCEL-193-G1-Plate-234-I8-AACGAGGCCG-ATACCTGGAT	Train
UID-FML-PEO1-FUCCI_SLX-23300_000084_SINCEL-193-G1-Plate-234-D9-AGAATTCGCC-CGGCAAGCTC	Train
UID-FML-PEO1-FUCCI_SLX-23300_000075_SINCEL-193-G1-Plate-234-K8-TGGTGTTATG-TCCAATTCTA	Train
UID-FML-PEO1-FUCCI_SLX-23300_000035_SINCEL-193-G1-Plate-234-C6-TAGAATTGGA-GTTAATCTGA	Train
UID-FML-PEO1-FUCCI_SLX-23300_000041_SINCEL-193-G1-Plate-234-I6-CCGTGACCGA-CCGAACGTTG	Train
UID-FML-PEO1-FUCCI_SLX-23302_000080_SINCEL-193-G1-Plate-234-P20-CAAGACGTCC-AGTATACGGA	Train
UID-FML-PEO1-FUCCI_SLX-23301_000019_SINCEL-193-G1-Plate-234-C11-GTTCGGAGTT-CGCCTTCTGA	Train
UID-FML-PEO1-FUCCI_SLX-23302_000077_SINCEL-193-G1-Plate-234-M20-TGACGGCCGT-AGTCAACCAT	Train
UID-FML-PEO1-FUCCI_SLX-23302_000058_SINCEL-193-G1-Plate-234-J19-GGTGAGTAAT-AACATCTAGT	Train
UID-FML-PEO1-FUCCI_SLX-23302_000085_SINCEL-193-G1-Plate-234-E21-CTCCACTAAT-TGTACTTGTT	Train
UID-FML-PEO1-FUCCI_SLX-23301_000050_SINCEL-193-G1-Plate-234-B13-TTAATAGCAC-ACCACGTCTG	Train
UID-FML-PEO1-FUCCI_SLX-23300_000060_SINCEL-193-G1-Plate-234-L7-AACTTATCCT-GTACTGGCGT	Train
UID-FML-PEO1-FUCCI_SLX-23300_000038_SINCEL-193-G1-Plate-234-F6-TCATACCGTT-GGTAACGCAG	Train
UID-FML-PEO1-FUCCI_SLX-23301_000037_SINCEL-193-G1-Plate-234-E12-ACTTGTTATC-CGCGCCTAGA	Train
UID-FML-PEO1-FUCCI_SLX-23300_000091_SINCEL-193-G1-Plate-234-K9-ACAACTACTG-AGTTATCACA	Train
UID-FML-PEO1-FUCCI_SLX-23301_000049_SINCEL-193-G1-Plate-234-A13-ATGTTGTTGG-CAATCTATGA	Train
UID-FML-PEO1-FUCCI_SLX-23302_000049_SINCEL-193-G1-Plate-234-A19-CACTATCAAC-TCAGTTAATG	Train
UID-FML-PEO1-FUCCI_SLX-23302_000035_SINCEL-193-G1-Plate-234-C18-AGCTACTATA-GTTATATGGC	Train
UID-FML-PEO1-FUCCI_SLX-23300_000006_SINCEL-193-G1-Plate-234-F4-TTCATGGTTC-GACATTGTCA	Train
UID-FML-PEO1-FUCCI_SLX-23302_000021_SINCEL-193-G1-Plate-234-E17-AGTATGCTAC-TTAATAGACC	Train
UID-FML-PEO1-FUCCI_SLX-23300_000046_SINCEL-193-G1-Plate-234-N6-CACACAGTAT-TTGAGCCTAA	Train
UID-FML-PEO1-FUCCI_SLX-23300_000001_SINCEL-193-G1-Plate-234-A4-TGCCGGTCAG-CCTGATACAA	Train
UID-FML-PEO1-FUCCI_SLX-23302_000019_SINCEL-193-G1-Plate-234-C17-TGTGATAACT-CAGGCGCCAT	Train
UID-FML-PEO1-FUCCI_SLX-23300_000037_SINCEL-193-G1-Plate-234-E6-AGGCAGCTCT-CGGCTAACGT	Train
UID-FML-PEO1-FUCCI_SLX-23301_000084_SINCEL-193-G1-Plate-234-D15-AGCTAGCTTC-TAATACGGAG	Train
UID-FML-PEO1-FUCCI_SLX-23302_000091_SINCEL-193-G1-Plate-234-K21-TTCTTAACCA-TCTACATACC	Train
UID-FML-PEO1-FUCCI_SLX-23300_000044_SINCEL-193-G1-Plate-234-L6-TTAGACCATG-TCCTAGGAAG	Train
UID-FML-PEO1-FUCCI_SLX-23301_000071_SINCEL-193-G1-Plate-234-G14-CGCTGTCTCA-ATTACTCACC	Train
UID-FML-PEO1-FUCCI_SLX-23302_000078_SINCEL-193-G1-Plate-234-N20-TCTATTCAGT-TCTCAGTACA	Train
UID-FML-PEO1-FUCCI_SLX-23301_000018_SINCEL-193-G1-Plate-234-B11-GAAGACTAGA-ACTAGAACTT	Train
UID-FML-PEO1-FUCCI_SLX-23302_000008_SINCEL-193-G1-Plate-234-H16-GCAACCAGTC-CACCGAGGAA	Train
UID-FML-PEO1-FUCCI_SLX-23301_000086_SINCEL-193-G1-Plate-234-F15-CAATCCTTGT-CGAAGACGCA	Train
UID-FML-PEO1-FUCCI_SLX-23300_000025_SINCEL-193-G1-Plate-234-I5-GGTAGAATTA-GTAGCCATCA	Train
UID-FML-PEO1-FUCCI_SLX-23301_000015_SINCEL-193-G1-Plate-234-O10-CACAGCGGTC-ATTCCTATTG	Train
UID-FML-PEO1-FUCCI_SLX-23301_000032_SINCEL-193-G1-Plate-234-P11-CCGCTCCGTT-TACGGCGAAG	Train
UID-FML-PEO1-FUCCI_SLX-23301_000016_SINCEL-193-G1-Plate-234-P10-CTATGAAGGA-CTTATACCTG	Train
UID-FML-PEO1-FUCCI_SLX-23302_000027_SINCEL-193-G1-Plate-234-K17-CTGGAACTGT-CGTAATTAAC	Train
UID-FML-PEO1-FUCCI_SLX-23301_000073_SINCEL-193-G1-Plate-234-I14-AATGCGAACA-AATTGGCGGA	Train
UID-FML-PEO1-FUCCI_SLX-23302_000022_SINCEL-193-G1-Plate-234-F17-AGCTTACACA-TGGCACGACC	Train
UID-FML-PEO1-FUCCI_SLX-23300_000087_SINCEL-193-G1-Plate-234-G9-TACGTGAAGG-CGGTTATTAG	Train
UID-FML-PEO1-FUCCI_SLX-23300_000030_SINCEL-193-G1-Plate-234-N5-TCAGTCTCGT-CACGGATTAT	Train
UID-FML-PEO1-FUCCI_SLX-23302_000053_SINCEL-193-G1-Plate-234-E19-TTACAGTTAG-ACATGCATAT	Train
UID-FML-PEO1-FUCCI_SLX-23301_000031_SINCEL-193-G1-Plate-234-O11-GTGACGGAGC-TGGCGGTCCA	Train
UID-FML-PEO1-FUCCI_SLX-23302_000050_SINCEL-193-G1-Plate-234-B19-GTGTACCTTC-CTGTGAGCTA	Train
UID-FML-PEO1-FUCCI_SLX-23301_000083_SINCEL-193-G1-Plate-234-C15-GTAACTTGGT-CGCCATACCT	Train
UID-FML-PEO1-FUCCI_SLX-23302_000065_SINCEL-193-G1-Plate-234-A20-TAGTGGAAGC-AGTACCTATA	Train
UID-FML-PEO1-FUCCI_SLX-23301_000051_SINCEL-193-G1-Plate-234-C13-GCACCACCAA-TGGTACTGAT	Train
UID-FML-PEO1-FUCCI_SLX-23302_000055_SINCEL-193-G1-Plate-234-G19-CTAAGTACGC-AACATACCTA	Train
UID-FML-PEO1-FUCCI_SLX-23302_000051_SINCEL-193-G1-Plate-234-C19-TTGCTCTATT-GTGACCTTGA	Train
UID-FML-PEO1-FUCCI_SLX-23302_000090_SINCEL-193-G1-Plate-234-J21-TGGTTCTCAT-CTCAAGGCCG	Train
UID-FML-PEO1-FUCCI_SLX-23300_000008_SINCEL-193-G1-Plate-234-H4-ATCCTCTCAA-TCCGCAAGGC	Train
UID-FML-PEO1-FUCCI_SLX-23301_000082_SINCEL-193-G1-Plate-234-B15-GAGCTTGCCG-AGGTTGCAGG	Train
UID-FML-PEO1-FUCCI_SLX-23301_000059_SINCEL-193-G1-Plate-234-K13-ATTGTTCGTC-TCTCTAGATT	Train
UID-FML-PEO1-FUCCI_SLX-23301_000057_SINCEL-193-G1-Plate-234-I13-GTCCACCGCT-TCCTATTAGC	Train
UID-FML-PEO1-FUCCI_SLX-23302_000016_SINCEL-193-G1-Plate-234-P16-AGCTGATGTC-TCATGTCCTG	Train
UID-FML-PEO1-FUCCI_SLX-23300_000092_SINCEL-193-G1-Plate-234-L9-CATAGTAAGG-ACCAAGTTAC	Train
UID-FML-PEO1-FUCCI_SLX-23302_000082_SINCEL-193-G1-Plate-234-B21-TGAGTACAAC-ACGCTTGGAC	Train
UID-FML-PEO1-FUCCI_SLX-23300_000051_SINCEL-193-G1-Plate-234-C7-GATATTGTGT-ACCACACGGT	Train
UID-FML-PEO1-FUCCI_SLX-23300_000026_SINCEL-193-G1-Plate-234-J5-TCTCAATACC-GACGTTCGCG	Train
UID-FML-PEO1-FUCCI_SLX-23301_000076_SINCEL-193-G1-Plate-234-L14-TGGATCTGGC-CAATGCTGAA	Train
UID-FML-PEO1-FUCCI_SLX-23300_000071_SINCEL-193-G1-Plate-234-G8-ATGTAACGTT-ACGATTGCTG	Train
UID-FML-PEO1-FUCCI_SLX-23302_000033_SINCEL-193-G1-Plate-234-A18-GCTAGACTAT-AATACGACAT	Train
UID-FML-PEO1-FUCCI_SLX-23302_000002_SINCEL-193-G1-Plate-234-B16-TGTAAGGTGG-AAGGCCTTGG	Train
UID-FML-PEO1-FUCCI_SLX-23300_000055_SINCEL-193-G1-Plate-234-G7-CTGCGTTACC-TATGGCTCGA	Train
UID-FML-PEO1-FUCCI_SLX-23300_000011_SINCEL-193-G1-Plate-234-K4-ATGGCGCCTG-TCCACGGCCT	Train
UID-FML-PEO1-FUCCI_SLX-23302_000028_SINCEL-193-G1-Plate-234-L17-GCCTAACGTG-AGCTCTCAAG	Train
UID-FML-PEO1-FUCCI_SLX-23300_000013_SINCEL-193-G1-Plate-234-M4-TCCGTTATGT-TTGTAGTGTA	Train
UID-FML-PEO1-FUCCI_SLX-23301_000004_SINCEL-193-G1-Plate-234-D10-TGTGGTCCGG-AGAGCACTAG	Train
UID-FML-PEO1-FUCCI_SLX-23301_000001_SINCEL-193-G1-Plate-234-A10-TATGATGGCC-GATTGTCATA	Train
UID-FML-PEO1-FUCCI_SLX-23302_000076_SINCEL-193-G1-Plate-234-L20-CTTCAACCAC-TTATGCGCCT	Train
UID-FML-PEO1-FUCCI_SLX-23301_000067_SINCEL-193-G1-Plate-234-C14-GATCGTCGCG-CTGGATATGT	Train
UID-FML-PEO1-FUCCI_SLX-23300_000088_SINCEL-193-G1-Plate-234-H9-AGCTGGAATG-ACGGAATGCG	Train
UID-FML-PEO1-FUCCI_SLX-23301_000089_SINCEL-193-G1-Plate-234-I15-CAACACCGCA-GGCAGTAGCA	Train
UID-FML-PEO1-FUCCI_SLX-23302_000064_SINCEL-193-G1-Plate-234-P19-TCCAGCCTGC-GCCAGATCCA	Train
UID-FML-PEO1-FUCCI_SLX-23302_000096_SINCEL-193-G1-Plate-234-P21-AGTGGTTAAG-GGTGGAATAC	Train
UID-FML-PEO1-FUCCI_SLX-23301_000038_SINCEL-193-G1-Plate-234-F12-CACCTAGCAC-TGCTGGACAT	Train
UID-FML-PEO1-FUCCI_SLX-23301_000044_SINCEL-193-G1-Plate-234-L12-CACCTCTCTT-CTCGACTCCT	Train
UID-FML-PEO1-FUCCI_SLX-23300_000074_SINCEL-193-G1-Plate-234-J8-CGATCTGTGA-TAGGAAGACT	Train
UID-FML-PEO1-FUCCI_SLX-23301_000095_SINCEL-193-G1-Plate-234-O15-CCGGTAACAC-GAGTTGTACT	Train
UID-FML-PEO1-FUCCI_SLX-23302_000063_SINCEL-193-G1-Plate-234-O19-ACTCTATTGT-ATCGCATATG	Train
UID-FML-PEO1-FUCCI_SLX-23300_000058_SINCEL-193-G1-Plate-234-J7-GTAGGCGAGC-TAGGAGCGCA	Train
UID-FML-PEO1-FUCCI_SLX-23302_000024_SINCEL-193-G1-Plate-234-H17-AACCAGCCAC-GCCACAGCAC	Train
UID-FML-PEO1-FUCCI_SLX-23300_000095_SINCEL-193-G1-Plate-234-O9-AATCCAATTG-CATGTAGAGG	Train
UID-FML-PEO1-FUCCI_SLX-23300_000076_SINCEL-193-G1-Plate-234-L8-GTGGACAAGT-CCGTGGCCTT	Train
UID-FML-PEO1-FUCCI_SLX-23302_000005_SINCEL-193-G1-Plate-234-E16-TTCACGAGAC-AGATTGTTAC	Train
UID-FML-PEO1-FUCCI_SLX-23300_000021_SINCEL-193-G1-Plate-234-E5-GAACGCAATA-ATCTTACTGT	Train
UID-FML-PEO1-FUCCI_SLX-23301_000021_SINCEL-193-G1-Plate-234-E11-ATAGCGGAAT-GCGCAGAGTA	Train
UID-FML-PEO1-FUCCI_SLX-23302_000042_SINCEL-193-G1-Plate-234-J18-CCTGGACGCA-TGGTATACCA	Train
UID-FML-PEO1-FUCCI_SLX-23300_000012_SINCEL-193-G1-Plate-234-L4-ATTATCCACT-TACGCACGTA	Train
UID-FML-PEO1-FUCCI_SLX-23301_000042_SINCEL-193-G1-Plate-234-J12-TTAAGACAAG-GGCTTAATTG	Train
UID-FML-PEO1-FUCCI_SLX-23301_000008_SINCEL-193-G1-Plate-234-H10-AATATTGCCA-CGGTGACACC	Train
UID-FML-PEO1-FUCCI_SLX-23301_000077_SINCEL-193-G1-Plate-234-M14-TTCCTACAGC-GGCGAATTCT	Train
UID-FML-PEO1-FUCCI_SLX-23301_000093_SINCEL-193-G1-Plate-234-M15-TTGAATGTTG-CGCAATCTAG	Train
UID-FML-PEO1-FUCCI_SLX-23301_000058_SINCEL-193-G1-Plate-234-J13-ACTAATCTCC-CACTTAATCT	Train
UID-FML-PEO1-FUCCI_SLX-23300_000079_SINCEL-193-G1-Plate-234-O8-CCAGGCACCA-ACGCTAATTA	Train
UID-FML-PEO1-FUCCI_SLX-23300_000029_SINCEL-193-G1-Plate-234-M5-ATTAACAAGG-TGTTGTTCGT	Train
UID-FML-PEO1-FUCCI_SLX-23301_000078_SINCEL-193-G1-Plate-234-N14-TTGAATCCAA-GTCACGGTGT	Train
UID-FML-PEO1-FUCCI_SLX-23301_000017_SINCEL-193-G1-Plate-234-A11-CCACGCTGAA-TATTCCTCAG	Train
UID-FML-PEO1-FUCCI_SLX-23301_000088_SINCEL-193-G1-Plate-234-H15-CACCTGTTGC-ATTGACACAT	Train
UID-FML-PEO1-FUCCI_SLX-23302_000067_SINCEL-193-G1-Plate-234-C20-CGCCATATCT-GACCGGAGAT	Train
UID-FML-PEO1-FUCCI_SLX-23302_000059_SINCEL-193-G1-Plate-234-K19-CTATTACTAC-GAGTCTCTCC	Train
UID-FML-PEO1-FUCCI_SLX-23302_000069_SINCEL-193-G1-Plate-234-E20-GCTTCATATT-CGTTCAGCCT	Train
UID-FML-PEO1-FUCCI_SLX-23301_000052_SINCEL-193-G1-Plate-234-D13-CATTCACGCT-GTTGTACTCA	Train
UID-FML-PEO1-FUCCI_SLX-23302_000084_SINCEL-193-G1-Plate-234-D21-CCGCGGTTCT-GGAGTAGATT	Train
UID-FML-PEO1-FUCCI_SLX-23300_000007_SINCEL-193-G1-Plate-234-G4-TCAATGGAGA-GCACTACAAC	Train
UID-FML-PEO1-FUCCI_SLX-23300_000080_SINCEL-193-G1-Plate-234-P8-AGATTAAGTG-CACCTCTTGG	Train
UID-FML-PEO1-FUCCI_SLX-23301_000023_SINCEL-193-G1-Plate-234-G11-GCAATATTCA-GGCGCCAATT	Train
UID-FML-PEO1-FUCCI_SLX-23301_000024_SINCEL-193-G1-Plate-234-H11-GGTCCGCTTC-CTCACACAAG	Train
UID-FML-PEO1-FUCCI_SLX-23302_000044_SINCEL-193-G1-Plate-234-L18-TTACGCACCT-GCTCTCGTTG	Train
UID-FML-PEO1-FUCCI_SLX-23302_000017_SINCEL-193-G1-Plate-234-A17-AACCGAGTTC-GATCTCTGGA	Train
UID-FML-PEO1-FUCCI_SLX-23302_000062_SINCEL-193-G1-Plate-234-N19-AGGTATGGCG-GTGGCGAGAC	Train
UID-FML-PEO1-FUCCI_SLX-23302_000043_SINCEL-193-G1-Plate-234-K18-TTATACGCGA-GCCGTCTGTT	Train
UID-FML-PEO1-FUCCI_SLX-23301_000035_SINCEL-193-G1-Plate-234-C12-TTAACGGTGT-TCCTGACCGT	Train
UID-FML-PEO1-FUCCI_SLX-23302_000018_SINCEL-193-G1-Plate-234-B17-CTGAATTAGT-AATTCGATCG	Train
UID-FML-PEO1-FUCCI_SLX-23302_000089_SINCEL-193-G1-Plate-234-I21-ATAGGTCTTA-GTCACCACAG	Train
UID-FML-PEO1-FUCCI_SLX-23300_000063_SINCEL-193-G1-Plate-234-O7-CTAATAACCG-AACCGCATCG	Train
UID-FML-PEO1-FUCCI_SLX-23300_000014_SINCEL-193-G1-Plate-234-N4-ATGGCGTGCC-CGCTTGAAGT	Train
UID-FML-PEO1-FUCCI_SLX-23301_000034_SINCEL-193-G1-Plate-234-B12-ATACATCACA-TCTCCATTGA	Train
UID-FML-PEO1-FUCCI_SLX-23300_000027_SINCEL-193-G1-Plate-234-K5-TAATTAGCGT-TGGTTAAGAA	Train
UID-FML-PEO1-FUCCI_SLX-23302_000003_SINCEL-193-G1-Plate-234-C16-CGAGGCCAAG-GTGTTACCGG	Train
UID-FML-PEO1-FUCCI_SLX-23301_000030_SINCEL-193-G1-Plate-234-N11-GGAGAGACTC-TTGAAGCAGA	Train
UID-FML-PEO1-FUCCI_SLX-23300_000052_SINCEL-193-G1-Plate-234-D7-CTGTTATATC-GTATAGCTGT	Train
UID-FML-PEO1-FUCCI_SLX-23300_000022_SINCEL-193-G1-Plate-234-F5-GCGTATTAAT-TGCGGTGTTG	Train
UID-FML-PEO1-FUCCI_SLX-23301_000046_SINCEL-193-G1-Plate-234-N12-TTCTCGTGCA-ATACACAGAG	Train
UID-FML-PEO1-FUCCI_SLX-23302_000030_SINCEL-193-G1-Plate-234-N17-ACTTACTTCA-TCTGGAATTA	Train
UID-FML-PEO1-FUCCI_SLX-23300_000017_SINCEL-193-G1-Plate-234-A5-CAGCAATCGT-TGTGATGTAT	Test_G1
UID-FML-PEO1-FUCCI_SLX-23302_000025_SINCEL-193-G1-Plate-234-I17-TCCTCGGACT-AACGCCAGAG	Test_G1
UID-FML-PEO1-FUCCI_SLX-23300_000068_SINCEL-193-G1-Plate-234-D8-GAGGCCTATT-CTAGTCCGGA	Test_G1
UID-FML-PEO1-FUCCI_SLX-23302_000006_SINCEL-193-G1-Plate-234-F16-ACATGAGTGA-CCGCTTAGCT	Test_G1
UID-FML-PEO1-FUCCI_SLX-23302_000052_SINCEL-193-G1-Plate-234-D19-ACCTGGCCAA-TCACAGATCG	Test_G1
UID-FML-PEO1-FUCCI_SLX-23301_000047_SINCEL-193-G1-Plate-234-O12-TATGACAATC-TTGCTTGTAT	Test_G1
UID-FML-PEO1-FUCCI_SLX-23301_000066_SINCEL-193-G1-Plate-234-B14-TCGACGCTAG-CCTCTTCGAA	Test_G1
UID-FML-PEO1-FUCCI_SLX-23301_000013_SINCEL-193-G1-Plate-234-M10-TTGTATCAGG-ACAGAGGCCA	Test_G1
UID-FML-PEO1-FUCCI_SLX-23300_000090_SINCEL-193-G1-Plate-234-J9-TGATAACGAG-GTTCCGCAGG	Test_G1
UID-FML-PEO1-FUCCI_SLX-23300_000061_SINCEL-193-G1-Plate-234-M7-GCTGACGTTG-TGTTCGCATT	Test_G1
UID-FML-PEO1-FUCCI_SLX-23300_000010_SINCEL-193-G1-Plate-234-J4-CACTAGACCA-ACTGCCTTAT	Test_G1
UID-FML-PEO1-FUCCI_SLX-23302_000032_SINCEL-193-G1-Plate-234-P17-CGCATTCCGT-ATTAGTGGAG	Test_G1
UID-FML-PEO1-FUCCI_SLX-23301_000074_SINCEL-193-G1-Plate-234-J14-ATATCTGCTT-TAGACAATCT	Test_G1
UID-FML-PEO1-FUCCI_SLX-23300_000045_SINCEL-193-G1-Plate-234-M6-TCCGCCAATT-CTCCGTGCTG	Test_G1
UID-FML-PEO1-FUCCI_SLX-23301_000087_SINCEL-193-G1-Plate-234-G15-TGCTACTGCC-CAACCGGAGG	Test_G1
UID-FML-PEO1-FUCCI_SLX-23302_000012_SINCEL-193-G1-Plate-234-L16-CGAACGCACC-ATGACAGAAC	Test_G1
UID-FML-PEO1-FUCCI_SLX-23300_000086_SINCEL-193-G1-Plate-234-F9-CCTGACCACT-TCTTGGCTAT	Test_G1
UID-FML-PEO1-FUCCI_SLX-23301_000012_SINCEL-193-G1-Plate-234-L10-AAGATACACG-TGTGCTAACA	Test_G1
UID-FML-PEO1-FUCCI_SLX-23301_000005_SINCEL-193-G1-Plate-234-E10-ACGTTCCTTA-GACCGCTGTG	Test_G1
UID-FML-PEO1-FUCCI_SLX-23300_000050_SINCEL-193-G1-Plate-234-B7-TACCGCCTCG-CCTCGCAACC	Test_G1
UID-FML-PEO1-FUCCI_SLX-23302_000013_SINCEL-193-G1-Plate-234-M16-CGCACGACTG-GGACCAACAG	Test_G1
UID-FML-PEO1-FUCCI_SLX-23302_000094_SINCEL-193-G1-Plate-234-N21-TATGAACTTG-AATCCTTAGG	Test_G1
UID-FML-PEO1-FUCCI_SLX-23300_000005_SINCEL-193-G1-Plate-234-E4-TCTCACACGC-CGGACAGTGA	Test_G1
UID-FML-PEO1-FUCCI_SLX-23300_000081_SINCEL-193-G1-Plate-234-A9-CCGGTTCCTA-TATATTCGAG	Test_G1
UID-FML-PEO1-FUCCI_SLX-23302_000045_SINCEL-193-G1-Plate-234-M18-CGCTTAGAAT-CAGAGTGATA	Test_G1
UID-FML-PEO1-FUCCI_SLX-23302_000074_SINCEL-193-G1-Plate-234-J20-GTTGCGTTCA-GTTGCAGTTG	Test_G1
UID-FML-PEO1-FUCCI_SLX-23302_000071_SINCEL-193-G1-Plate-234-G20-ACTAGCGCTA-TTACTTCCTC	Test_G1
UID-FML-PEO1-FUCCI_SLX-23302_000038_SINCEL-193-G1-Plate-234-F18-TCACCGCGCT-TCGATACTAG	Test_G1
UID-FML-PEO1-FUCCI_SLX-23301_000022_SINCEL-193-G1-Plate-234-F11-TTCACTCACT-TATCATGAGA	Test_G1
UID-FML-PEO1-FUCCI_SLX-23302_000031_SINCEL-193-G1-Plate-234-O17-GATCGGATAA-GTATCGGCCG	Test_G1
UID-FML-PEO1-FUCCI_SLX-23301_000041_SINCEL-193-G1-Plate-234-I12-TTAACCTTCG-AGGCCAGACA	Test_G1
UID-FML-PEO1-FUCCI_SLX-23301_000027_SINCEL-193-G1-Plate-234-K11-CGATGCGGTT-CCTGCTTGGT	Test_G1
UID-FML-PEO1-FUCCI_SLX-23300_000057_SINCEL-193-G1-Plate-234-I7-AGGCCGTGGA-CTCGTGCGTT	Test_G1
UID-FML-PEO1-FUCCI_SLX-23300_000096_SINCEL-193-G1-Plate-234-P9-GTACCGATTA-AACTAACGTT	Test_G1
UID-FML-PEO1-FUCCI_SLX-23301_000094_SINCEL-193-G1-Plate-234-N15-ATGATTCCGG-CTCTGACGTG	Test_G1
UID-FML-PEO1-FUCCI_SLX-23301_000033_SINCEL-193-G1-Plate-234-A12-AATTCCATCT-CTTCAGTTAC	Test_G1
UID-FML-PEO1-FUCCI_SLX-23302_000015_SINCEL-193-G1-Plate-234-O16-GAGGTTAGAC-AATGTATTGC	Test_G1
UID-FML-PEO1-FUCCI_SLX-23302_000070_SINCEL-193-G1-Plate-234-F20-CTGAGCCGGT-CCTTCACGTA	Test_G1
UID-FML-PEO1-FUCCI_SLX-23301_000085_SINCEL-193-G1-Plate-234-E15-AGCGCCACAC-CTAATGTCTT	Test_G1
UID-FML-PEO1-FUCCI_SLX-23300_000069_SINCEL-193-G1-Plate-234-E8-TTCGGTGTGA-GAACAAGTAT	Test_G1
UID-FML-PEO1-FUCCI_SLX-23300_000065_SINCEL-193-G1-Plate-234-A8-TCTAGGCGCG-CGAAGGTTAA	Test_G1
UID-FML-PEO1-FUCCI_SLX-23300_000043_SINCEL-193-G1-Plate-234-K6-ATACTTGTTC-TAACCGCCGA	Test_G1
UID-FML-PEO1-FUCCI_SLX-23300_000033_SINCEL-193-G1-Plate-234-A6-GAATTACAAG-ACCGGCTCAG	Test_G1
UID-FML-PEO1-FUCCI_SLX-23302_000072_SINCEL-193-G1-Plate-234-H20-AACGGTCTAT-CTATACGCGG	Test_G1
UID-FML-PEO1-FUCCI_SLX-23300_000070_SINCEL-193-G1-Plate-234-F8-AGCTAAGCGG-ATTAATACGC	Test_G1
UID-FML-PEO1-FUCCI_SLX-23300_000042_SINCEL-193-G1-Plate-234-J6-AGCGAATTAG-AGCCGGAACA	Test_G1
UID-FML-PEO1-FUCCI_SLX-23301_000020_SINCEL-193-G1-Plate-234-D11-AGGAGTCGAG-TTAGGCTTAC	Test_G1
UID-FML-PEO1-FUCCI_SLX-23302_000061_SINCEL-193-G1-Plate-234-M19-TAGCATAACC-GCTATGCGCA	Test_G1
UID-FML-PEO1-FUCCI_SLX-23301_000007_SINCEL-193-G1-Plate-234-G10-CCGCGTATAG-TAGGAACCGG	Test_G1
UID-FML-PEO1-FUCCI_SLX-23301_000063_SINCEL-193-G1-Plate-234-O13-CCTTCTAACA-GATAAGCTCT	Test_G1
UID-FML-PEO1-FUCCI_SLX-23301_000039_SINCEL-193-G1-Plate-234-G12-CGTGTACCAG-AGGATAAGTT	Test_G1
UID-FML-PEO1-FUCCI_SLX-23302_000029_SINCEL-193-G1-Plate-234-M17-GAATATGCGG-ACGAGACTGA	Test_G1
UID-FML-PEO1-FUCCI_SLX-23302_000060_SINCEL-193-G1-Plate-234-L19-TACTCTGCGC-CCTTACTATG	Test_G1
UID-FML-PEO1-FUCCI_SLX-23302_000036_SINCEL-193-G1-Plate-234-D18-AGCGCTGTGT-CGTTCGGAAC	Test_G1
UID-FML-PEO1-FUCCI_SLX-23301_000048_SINCEL-193-G1-Plate-234-P12-GCTAGGAAGT-TCTCGGACGA	Test_G1
UID-FML-PEO1-FUCCI_SLX-23302_000048_SINCEL-193-G1-Plate-234-P18-CGACAAGGAT-AAGGCCACCT	Test_G1
UID-FML-PEO1-FUCCI_SLX-23300_000002_SINCEL-193-G1-Plate-234-B4-TGAACGCGGA-CTTCGAAGGA	Test_G1
UID-FML-PEO1-FUCCI_SLX-23302_000011_SINCEL-193-G1-Plate-234-K16-TAATTCTGCT-TCTCATCAAT	Test_G1
UID-FML-PEO1-FUCCI_SLX-23301_000060_SINCEL-193-G1-Plate-234-L13-TGTGTTAGTA-TACTCTGTTA	Test_G1
UID-FML-PEO1-FUCCI_SLX-23300_000085_SINCEL-193-G1-Plate-234-E9-GAATACCTAT-ACAATAGAGT	Test_G1
UID-FML-PEO1-FUCCI_SLX-23301_000011_SINCEL-193-G1-Plate-234-K10-TAGAGAATAC-TATAGATTCG	Test_G1
UID-FML-PEO1-FUCCI_SLX-23302_000088_SINCEL-193-G1-Plate-234-H21-GGATTATGGA-TCCGATAGAG	Test_G1
UID-FML-PEO1-FUCCI_SLX-23300_000004_SINCEL-193-G1-Plate-234-D4-CCTGCAACCT-GTAGAGTCAG	Test_G1
UID-FML-PEO1-FUCCI_SLX-23302_000054_SINCEL-193-G1-Plate-234-F19-TGTCTGGCCT-AGAAGCCAAT	Test_G1
UID-FML-PEO1-FUCCI_SLX-23301_000056_SINCEL-193-G1-Plate-234-H13-ATTCGGTACA-AGTCCGAGGA	Test_G1
UID-FML-PEO1-FUCCI_SLX-23302_000023_SINCEL-193-G1-Plate-234-G17-GTAACTGAAG-GGAGTCGCGA	Test_G1
UID-FML-PEO1-FUCCI_SLX-23300_000089_SINCEL-193-G1-Plate-234-I9-CTTATTGGCC-GATAACAAGT	Test_G1
UID-FML-PEO1-FUCCI_SLX-23301_000003_SINCEL-193-G1-Plate-234-C10-CGCAGCAATT-ATTCCGCTAT	Test_G1
UID-FML-PEO1-FUCCI_SLX-23302_000087_SINCEL-193-G1-Plate-234-G21-ATAGTTAGCA-CTCTAAGTAG	Test_G1
UID-FML-PEO1-FUCCI_SLX-23301_000045_SINCEL-193-G1-Plate-234-M12-AGCCTATGAT-CACCACCTAC	Test_G1
UID-FML-PEO1-FUCCI_SLX-23302_000075_SINCEL-193-G1-Plate-234-K20-GTGGTATCTG-GCTACTATCT	Test_G1
UID-FML-PEO1-FUCCI_SLX-23301_000075_SINCEL-193-G1-Plate-234-K14-AATTCTTGGA-TTGTCAACTT	Test_G1
UID-FML-PEO1-FUCCI_SLX-23302_000004_SINCEL-193-G1-Plate-234-D16-CAACTGCAAC-TGAACGCAAC	Test_G1
UID-FML-PEO1-FUCCI_SLX-23302_000009_SINCEL-193-G1-Plate-234-I16-TCCTGGTTGT-CTGACCGGCA	Test_G1
UID-FML-PEO1-FUCCI_SLX-23300_000024_SINCEL-193-G1-Plate-234-H5-GTTGTGACTA-ACATAACGGA	Test_G1
UID-FML-PEO1-FUCCI_SLX-23301_000025_SINCEL-193-G1-Plate-234-I11-CTAGATTGCG-AGATATGGCG	Test_G1
UID-FML-PEO1-FUCCI_SLX-23300_000059_SINCEL-193-G1-Plate-234-K7-AGGAGGTATC-CCAGTTGGCA	Test_G1
UID-FML-PEO1-FUCCI_SLX-23302_000057_SINCEL-193-G1-Plate-234-I19-TAGTTCGGTA-CCATGTGTAG	Test_G1
UID-FML-PEO1-FUCCI_SLX-23302_000041_SINCEL-193-G1-Plate-234-I18-TTAGGATATC-TATACCATGG	Test_G1
UID-FML-PEO1-FUCCI_SLX-23302_000046_SINCEL-193-G1-Plate-234-N18-TCGTTGCTGC-GTCTCGTGAA	Test_G1
UID-FML-PEO1-FUCCI_SLX-23301_000040_SINCEL-193-G1-Plate-234-H12-TTCAAGTATG-GATGGTATCG	Test_G1
UID-FML-PEO1-FUCCI_SLX-23302_000037_SINCEL-193-G1-Plate-234-E18-CCACCGGAGT-GCCTGCCATG	Test_G1
UID-FML-PEO1-FUCCI_SLX-23301_000065_SINCEL-193-G1-Plate-234-A14-CTCGAATATA-GAGATGTCGA	Test_G1
UID-FML-PEO1-FUCCI_SLX-23300_000049_SINCEL-193-G1-Plate-234-A7-AGAGAACCTA-GGTTATGCTA	Test_G1
UID-FML-PEO1-FUCCI_SLX-23300_000003_SINCEL-193-G1-Plate-234-C4-CACTCAATTC-TTAAGTTGTG	Test_G1
UID-FML-PEO1-FUCCI-DOWNSAMPLE-50%_SLX-23300_000202_SINCEL-193-S-Plate-233-J10-TCGTGCATTC-GCGTTGGTAT	Test_S
UID-FML-PEO1-FUCCI-DOWNSAMPLE-50%_SLX-23302_000265_SINCEL-193-S-Plate-233-I8-AACGAGGCCG-ATACCTGGAT	Test_S
UID-FML-PEO1-FUCCI-DOWNSAMPLE-50%_SLX-23300_000194_SINCEL-193-S-Plate-233-B10-GAACAATTCC-TAGAGTTGGA	Test_S
UID-FML-PEO1-FUCCI-DOWNSAMPLE-50%_SLX-23302_000229_SINCEL-193-S-Plate-233-E6-AGGCAGCTCT-CGGCTAACGT	Test_S
UID-FML-PEO1-FUCCI-DOWNSAMPLE-50%_SLX-23300_000258_SINCEL-193-S-Plate-233-B14-TCGACGCTAG-CCTCTTCGAA	Test_S
UID-FML-PEO1-FUCCI-DOWNSAMPLE-50%_SLX-23302_000196_SINCEL-193-S-Plate-233-D4-CCTGCAACCT-GTAGAGTCAG	Test_S
UID-FML-PEO1-FUCCI-DOWNSAMPLE-50%_SLX-23302_000287_SINCEL-193-S-Plate-233-O9-AATCCAATTG-CATGTAGAGG	Test_S
UID-FML-PEO1-FUCCI-DOWNSAMPLE-50%_SLX-23301_000234_SINCEL-193-S-Plate-233-J18-CCTGGACGCA-TGGTATACCA	Test_S
UID-FML-PEO1-FUCCI-DOWNSAMPLE-50%_SLX-23302_000231_SINCEL-193-S-Plate-233-G6-ATCGGCGAAG-TCCAAGAATT	Test_S
UID-FML-PEO1-FUCCI-DOWNSAMPLE-50%_SLX-23300_000239_SINCEL-193-S-Plate-233-O12-TATGACAATC-TTGCTTGTAT	Test_S
UID-FML-PEO1-FUCCI-DOWNSAMPLE-50%_SLX-23300_000251_SINCEL-193-S-Plate-233-K13-ATTGTTCGTC-TCTCTAGATT	Test_S
UID-FML-PEO1-FUCCI-DOWNSAMPLE-50%_SLX-23300_000232_SINCEL-193-S-Plate-233-H12-TTCAAGTATG-GATGGTATCG	Test_S
UID-FML-PEO1-FUCCI-DOWNSAMPLE-50%_SLX-23302_000252_SINCEL-193-S-Plate-233-L7-AACTTATCCT-GTACTGGCGT	Test_S
UID-FML-PEO1-FUCCI-DOWNSAMPLE-50%_SLX-23300_000224_SINCEL-193-S-Plate-233-P11-CCGCTCCGTT-TACGGCGAAG	Test_S
UID-FML-PEO1-FUCCI-DOWNSAMPLE-50%_SLX-23300_000282_SINCEL-193-S-Plate-233-J15-CGTCACCTTG-CAGCCGATTG	Test_S
UID-FML-PEO1-FUCCI-DOWNSAMPLE-50%_SLX-23302_000284_SINCEL-193-S-Plate-233-L9-CATAGTAAGG-ACCAAGTTAC	Test_S
UID-FML-PEO1-FUCCI-DOWNSAMPLE-50%_SLX-23301_000205_SINCEL-193-S-Plate-233-M16-CGCACGACTG-GGACCAACAG	Test_S
UID-FML-PEO1-FUCCI-DOWNSAMPLE-50%_SLX-23301_000229_SINCEL-193-S-Plate-233-E18-CCACCGGAGT-GCCTGCCATG	Test_S
UID-FML-PEO1-FUCCI-DOWNSAMPLE-50%_SLX-23302_000195_SINCEL-193-S-Plate-233-C4-CACTCAATTC-TTAAGTTGTG	Test_S
UID-FML-PEO1-FUCCI-DOWNSAMPLE-50%_SLX-23302_000230_SINCEL-193-S-Plate-233-F6-TCATACCGTT-GGTAACGCAG	Test_S
UID-FML-PEO1-FUCCI-DOWNSAMPLE-50%_SLX-23301_000247_SINCEL-193-S-Plate-233-G19-CTAAGTACGC-AACATACCTA	Test_S
UID-FML-PEO1-FUCCI-DOWNSAMPLE-50%_SLX-23301_000240_SINCEL-193-S-Plate-233-P18-CGACAAGGAT-AAGGCCACCT	Test_S
UID-FML-PEO1-FUCCI-DOWNSAMPLE-50%_SLX-23302_000235_SINCEL-193-S-Plate-233-K6-ATACTTGTTC-TAACCGCCGA	Test_S
UID-FML-PEO1-FUCCI-DOWNSAMPLE-50%_SLX-23301_000202_SINCEL-193-S-Plate-233-J16-GAGCGACGAT-CGTATAATCA	Test_S
UID-FML-PEO1-FUCCI-DOWNSAMPLE-50%_SLX-23301_000274_SINCEL-193-S-Plate-233-B21-TGAGTACAAC-ACGCTTGGAC	Test_S
UID-FML-PEO1-FUCCI-DOWNSAMPLE-50%_SLX-23301_000281_SINCEL-193-S-Plate-233-I21-ATAGGTCTTA-GTCACCACAG	Test_S
UID-FML-PEO1-FUCCI-DOWNSAMPLE-50%_SLX-23300_000268_SINCEL-193-S-Plate-233-L14-TGGATCTGGC-CAATGCTGAA	Test_S
UID-FML-PEO1-FUCCI-DOWNSAMPLE-50%_SLX-23302_000285_SINCEL-193-S-Plate-233-M9-GTTGGATGAA-TTCCAGGTAA	Test_S
UID-FML-PEO1-FUCCI-DOWNSAMPLE-50%_SLX-23301_000215_SINCEL-193-S-Plate-233-G17-GTAACTGAAG-GGAGTCGCGA	Test_S
UID-FML-PEO1-FUCCI-DOWNSAMPLE-50%_SLX-23301_000206_SINCEL-193-S-Plate-233-N16-TCTTACGCCG-ATTCATTGCA	Test_S
UID-FML-PEO1-FUCCI-DOWNSAMPLE-50%_SLX-23302_000254_SINCEL-193-S-Plate-233-N7-ATTATGTCTC-AGTTAAGAGC	Test_S
UID-FML-PEO1-FUCCI-DOWNSAMPLE-50%_SLX-23301_000236_SINCEL-193-S-Plate-233-L18-TTACGCACCT-GCTCTCGTTG	Test_S
UID-FML-PEO1-FUCCI-DOWNSAMPLE-50%_SLX-23301_000232_SINCEL-193-S-Plate-233-H18-GATAGCCTTG-TACCACAATG	Test_S
UID-FML-PEO1-FUCCI-DOWNSAMPLE-50%_SLX-23302_000222_SINCEL-193-S-Plate-233-N5-TCAGTCTCGT-CACGGATTAT	Test_S
UID-FML-PEO1-FUCCI-DOWNSAMPLE-50%_SLX-23302_000280_SINCEL-193-S-Plate-233-H9-AGCTGGAATG-ACGGAATGCG	Test_S
UID-FML-PEO1-FUCCI-DOWNSAMPLE-50%_SLX-23302_000261_SINCEL-193-S-Plate-233-E8-TTCGGTGTGA-GAACAAGTAT	Test_S
UID-FML-PEO1-FUCCI-DOWNSAMPLE-50%_SLX-23301_000196_SINCEL-193-S-Plate-233-D16-CAACTGCAAC-TGAACGCAAC	Test_S
UID-FML-PEO1-FUCCI-DOWNSAMPLE-50%_SLX-23301_000282_SINCEL-193-S-Plate-233-J21-TGGTTCTCAT-CTCAAGGCCG	Test_S
UID-FML-PEO1-FUCCI-DOWNSAMPLE-50%_SLX-23300_000270_SINCEL-193-S-Plate-233-N14-TTGAATCCAA-GTCACGGTGT	Test_S
UID-FML-PEO1-FUCCI-DOWNSAMPLE-50%_SLX-23302_000267_SINCEL-193-S-Plate-233-K8-TGGTGTTATG-TCCAATTCTA	Test_S
UID-FML-PEO1-FUCCI-DOWNSAMPLE-50%_SLX-23301_000279_SINCEL-193-S-Plate-233-G21-ATAGTTAGCA-CTCTAAGTAG	Test_S
UID-FML-PEO1-FUCCI-DOWNSAMPLE-50%_SLX-23302_000238_SINCEL-193-S-Plate-233-N6-CACACAGTAT-TTGAGCCTAA	Test_S
UID-FML-PEO1-FUCCI-DOWNSAMPLE-50%_SLX-23300_000243_SINCEL-193-S-Plate-233-C13-GCACCACCAA-TGGTACTGAT	Test_S
UID-FML-PEO1-FUCCI-DOWNSAMPLE-50%_SLX-23300_000228_SINCEL-193-S-Plate-233-D12-TAGGTATGTT-CGAGACCAAG	Test_S
UID-FML-PEO1-FUCCI-DOWNSAMPLE-50%_SLX-23300_000278_SINCEL-193-S-Plate-233-F15-CAATCCTTGT-CGAAGACGCA	Test_S
UID-FML-PEO1-FUCCI-DOWNSAMPLE-50%_SLX-23300_000230_SINCEL-193-S-Plate-233-F12-CACCTAGCAC-TGCTGGACAT	Test_S
UID-FML-PEO1-FUCCI-DOWNSAMPLE-50%_SLX-23300_000210_SINCEL-193-S-Plate-233-B11-GAAGACTAGA-ACTAGAACTT	Test_S
UID-FML-PEO1-FUCCI-DOWNSAMPLE-50%_SLX-23301_000230_SINCEL-193-S-Plate-233-F18-TCACCGCGCT-TCGATACTAG	Test_S
UID-FML-PEO1-FUCCI-DOWNSAMPLE-50%_SLX-23302_000193_SINCEL-193-S-Plate-233-A4-TGCCGGTCAG-CCTGATACAA	Test_S
UID-FML-PEO1-FUCCI-DOWNSAMPLE-50%_SLX-23300_000261_SINCEL-193-S-Plate-233-E14-TATCCGAGGC-GGCCAATAAG	Test_S
UID-FML-PEO1-FUCCI-DOWNSAMPLE-50%_SLX-23301_000228_SINCEL-193-S-Plate-233-D18-AGCGCTGTGT-CGTTCGGAAC	Test_S
UID-FML-PEO1-FUCCI-DOWNSAMPLE-50%_SLX-23300_000247_SINCEL-193-S-Plate-233-G13-CCTCCGGTTG-CATAACACCA	Test_S
UID-FML-PEO1-FUCCI-DOWNSAMPLE-50%_SLX-23300_000276_SINCEL-193-S-Plate-233-D15-AGCTAGCTTC-TAATACGGAG	Test_S
UID-FML-PEO1-FUCCI-DOWNSAMPLE-50%_SLX-23301_000287_SINCEL-193-S-Plate-233-O21-GGAAGGAGAC-TGGTGAGTCT	Test_S
UID-FML-PEO1-FUCCI-DOWNSAMPLE-50%_SLX-23301_000269_SINCEL-193-S-Plate-233-M20-TGACGGCCGT-AGTCAACCAT	Test_S
UID-FML-PEO1-FUCCI-DOWNSAMPLE-50%_SLX-23302_000253_SINCEL-193-S-Plate-233-M7-GCTGACGTTG-TGTTCGCATT	Test_S
UID-FML-PEO1-FUCCI-DOWNSAMPLE-50%_SLX-23301_000220_SINCEL-193-S-Plate-233-L17-GCCTAACGTG-AGCTCTCAAG	Test_S
UID-FML-PEO1-FUCCI-DOWNSAMPLE-50%_SLX-23300_000217_SINCEL-193-S-Plate-233-I11-CTAGATTGCG-AGATATGGCG	Test_S
UID-FML-PEO1-FUCCI-DOWNSAMPLE-50%_SLX-23302_000241_SINCEL-193-S-Plate-233-A7-AGAGAACCTA-GGTTATGCTA	Test_S
UID-FML-PEO1-FUCCI-DOWNSAMPLE-50%_SLX-23301_000245_SINCEL-193-S-Plate-233-E19-TTACAGTTAG-ACATGCATAT	Test_S
UID-FML-PEO1-FUCCI-DOWNSAMPLE-50%_SLX-23301_000272_SINCEL-193-S-Plate-233-P20-CAAGACGTCC-AGTATACGGA	Test_S
UID-FML-PEO1-FUCCI-DOWNSAMPLE-50%_SLX-23302_000263_SINCEL-193-S-Plate-233-G8-ATGTAACGTT-ACGATTGCTG	Test_S
UID-FML-PEO1-FUCCI-DOWNSAMPLE-50%_SLX-23300_000195_SINCEL-193-S-Plate-233-C10-CGCAGCAATT-ATTCCGCTAT	Test_S
UID-FML-PEO1-FUCCI-DOWNSAMPLE-50%_SLX-23302_000227_SINCEL-193-S-Plate-233-C6-TAGAATTGGA-GTTAATCTGA	Test_S
UID-FML-PEO1-FUCCI-DOWNSAMPLE-50%_SLX-23300_000198_SINCEL-193-S-Plate-233-F10-CTTCTAAGTC-ACTCTACAGG	Test_S
UID-FML-PEO1-FUCCI-DOWNSAMPLE-50%_SLX-23302_000278_SINCEL-193-S-Plate-233-F9-CCTGACCACT-TCTTGGCTAT	Test_S
UID-FML-PEO1-FUCCI-DOWNSAMPLE-50%_SLX-23301_000262_SINCEL-193-S-Plate-233-F20-CTGAGCCGGT-CCTTCACGTA	Test_S
UID-FML-PEO1-FUCCI-DOWNSAMPLE-50%_SLX-23300_000267_SINCEL-193-S-Plate-233-K14-AATTCTTGGA-TTGTCAACTT	Test_S
UID-FML-PEO1-FUCCI-DOWNSAMPLE-50%_SLX-23301_000222_SINCEL-193-S-Plate-233-N17-ACTTACTTCA-TCTGGAATTA	Test_S
UID-FML-PEO1-FUCCI-DOWNSAMPLE-50%_SLX-23300_000260_SINCEL-193-S-Plate-233-D14-CTCGTAGGCA-TCATCCTCTT	Test_S
UID-FML-PEO1-FUCCI-DOWNSAMPLE-50%_SLX-23300_000252_SINCEL-193-S-Plate-233-L13-TGTGTTAGTA-TACTCTGTTA	Test_S
UID-FML-PEO1-FUCCI-DOWNSAMPLE-50%_SLX-23302_000219_SINCEL-193-S-Plate-233-K5-TAATTAGCGT-TGGTTAAGAA	Test_S
UID-FML-PEO1-FUCCI-DOWNSAMPLE-50%_SLX-23300_000201_SINCEL-193-S-Plate-233-I10-GATTCTGAAT-AGCGGTGGAC	Test_S
UID-FML-PEO1-FUCCI-DOWNSAMPLE-50%_SLX-23300_000259_SINCEL-193-S-Plate-233-C14-GATCGTCGCG-CTGGATATGT	Test_S
UID-FML-PEO1-FUCCI-DOWNSAMPLE-50%_SLX-23302_000257_SINCEL-193-S-Plate-233-A8-TCTAGGCGCG-CGAAGGTTAA	Test_S
UID-FML-PEO1-FUCCI-DOWNSAMPLE-50%_SLX-23300_000271_SINCEL-193-S-Plate-233-O14-ATCCAGGTAT-CAACGTCAGC	Test_S
UID-FML-PEO1-FUCCI-DOWNSAMPLE-50%_SLX-23302_000220_SINCEL-193-S-Plate-233-L5-AAGCATCTTG-CATTCAACAA	Test_S
UID-FML-PEO1-FUCCI-DOWNSAMPLE-50%_SLX-23302_000247_SINCEL-193-S-Plate-233-G7-CTGCGTTACC-TATGGCTCGA	Test_S
UID-FML-PEO1-FUCCI-DOWNSAMPLE-50%_SLX-23300_000277_SINCEL-193-S-Plate-233-E15-AGCGCCACAC-CTAATGTCTT	Test_S
UID-FML-PEO1-FUCCI-DOWNSAMPLE-50%_SLX-23301_000275_SINCEL-193-S-Plate-233-C21-CTGTGGTGAC-GACAGACAGG	Test_S
UID-FML-PEO1-FUCCI-DOWNSAMPLE-50%_SLX-23302_000212_SINCEL-193-S-Plate-233-D5-CAACGTTCGG-GGATCCGCAT	Test_S
UID-FML-PEO1-FUCCI-DOWNSAMPLE-50%_SLX-23302_000282_SINCEL-193-S-Plate-233-J9-TGATAACGAG-GTTCCGCAGG	Test_S
UID-FML-PEO1-FUCCI-DOWNSAMPLE-50%_SLX-23302_000228_SINCEL-193-S-Plate-233-D6-CAGCGGTAGA-GCAACAGGTG	Test_S
UID-FML-PEO1-FUCCI-DOWNSAMPLE-50%_SLX-23302_000240_SINCEL-193-S-Plate-233-P6-TCTTGTCGGC-CCACCTGTGT	Test_S
UID-FML-PEO1-FUCCI-DOWNSAMPLE-50%_SLX-23302_000217_SINCEL-193-S-Plate-233-I5-GGTAGAATTA-GTAGCCATCA	Test_S
